<?xml version="1.0" encoding="UTF-8" standalone="yes"?>
<ns2:iceVaccineGroupSpecificationFile xmlns:ns2="org.cdsframework.util.support.data.ice.vaccinegroup">
    <vaccineGroup code="400" codeSystem="2.16.840.1.113883.3.795.12.100.1" codeSystemName="ICE Vaccine Group" displayName="Polio"/>
    <cdsVersion>gov.nyc.cir^ICE^1.0.0</cdsVersion>
    <ns2:priority>0</ns2:priority>
    <diseaseImmunity code="045.9" codeSystem="2.16.840.1.113883.6.103" codeSystemName="ICE Disease" displayName="Acute Poliomyelitis"/>
    <openCdsMembership code="VACCINE_GROUP_CONCEPT_POLIO" displayName="Immunization Evaluation (Polio Vaccine Group)"/>
    <primaryOpenCdsConcept code="VACCINE_GROUP_CONCEPT_POLIO" displayName="Immunization Evaluation (Polio Vaccine Group)"/>
</ns2:iceVaccineGroupSpecificationFile>
