<?xml version="1.0" encoding="UTF-8" standalone="yes"?>
<ns2:cdsListSpecificationFile xmlns:ns2="org.cdsframework.util.support.data.cds.list">
    <listId>E1f3R05bc0568822e2608f22be9d1bac9c</listId>
    <code>RECOMMENDATION_REASON_CONCEPT</code>
    <name>ICE Recommendation Reasons: All</name>
    <listType>CODE_SYSTEM</listType>
    <description>Recommendation Reasons</description>
    <codeSystem>2.16.840.1.113883.3.795.12.100.6</codeSystem>
    <codeSystemName>ICE Recommendation Reasons</codeSystemName>
   <cdsListItem>
        <cdsListItemKey>COMPLETE_HIGH_RISK</cdsListItemKey>
        <cdsListItemValue>Immunization Recommended (Complete High Risk)</cdsListItemValue>
   </cdsListItem>
   <cdsListItem>
        <cdsListItemKey>TOO_OLD_HIGH_RISK</cdsListItemKey>
        <cdsListItemValue>Recommended (Too Hold High Risk)</cdsListItemValue>
   </cdsListItem>
   <cdsListItem>
        <cdsListItemKey>ABOVE_AGE_MAY_COMPLETE</cdsListItemKey>
        <cdsListItemValue>Conditionally Recommended (Too Old High Risk)</cdsListItemValue>
   </cdsListItem>
   <cdsListItem>
        <cdsListItemKey>PROOF_OF_IMMUNITY</cdsListItemKey>
        <cdsListItemValue>Proof of Immunity</cdsListItemValue>
   </cdsListItem>
   <cdsListItem>
        <cdsListItemKey>DISEASE_DOCUMENTED</cdsListItemKey>
        <cdsListItemValue>Disease Documented</cdsListItemValue>
   </cdsListItem>
   <cdsListItem>
        <cdsListItemKey>TOO_OLD</cdsListItemKey>
        <cdsListItemValue>Not Recommended at this Age</cdsListItemValue>
   </cdsListItem>
   <cdsListItem>
        <cdsListItemKey>VAC_GROUP_NO_LONGER_REC</cdsListItemKey>
        <cdsListItemValue>Vaccine Group No Longer Recommended</cdsListItemValue>
   </cdsListItem>
   <cdsListItem>
        <cdsListItemKey>EXECUTION_TIME_BEFORE_ADMINISTERED_SHOTS</cdsListItemKey>
        <cdsListItemValue>Recommended Cannot be Made (Execution Time Before Administered Shots)</cdsListItemValue>
   </cdsListItem>          
   <cdsVersion>org.nyc.cir^ICE^1.0.0</cdsVersion>
</ns2:cdsListSpecificationFile>