<?xml version="1.0" encoding="UTF-8" standalone="yes"?>
<ns2:cdsListSpecificationFile xmlns:ns2="org.cdsframework.util.support.data.cds.list">
    <listId>1f30111EET5bc0568822e2608f22be9d1bac9c</listId>
    <code>SUPPORTED_VACCINES</code>
    <name>Supported Vaccines</name>
    <listType>CODE_SYSTEM</listType>
    <description>Supported Vaccines</description>
    <codeSystem>2.16.840.1.113883.12.292</codeSystem>
    <codeSystemName>Vaccines (CVX)</codeSystemName>
    <cdsListItem>
    	<cdsListItemKey>138</cdsListItemKey>
    	<cdsListItemValue>Td (adult, not absorbed)</cdsListItemValue>
    	<cdsListItemConceptMapping>
    		<code>ICE138</code>
    		<displayName>Td (adult, not absorbed)</displayName>
    	</cdsListItemConceptMapping>
    </cdsListItem>
            <cdsListItem>
    	<cdsListItemKey>139</cdsListItemKey>
    	<cdsListItemValue>Td (adult) NOS</cdsListItemValue>
    	<cdsListItemConceptMapping>
    		<code>ICE139</code>
    		<displayName>Td (adult) NOS</displayName>
    	</cdsListItemConceptMapping>
    </cdsListItem>
    <cdsListItem>
    	<cdsListItemKey>132</cdsListItemKey>
    	<cdsListItemValue>DTaP-IPV-Hib-HepB, historical</cdsListItemValue>
    	<cdsListItemConceptMapping>
    		<code>ICE132</code>
    		<displayName>DTaP-IPV-Hib-HepB, historical</displayName>
    	</cdsListItemConceptMapping>
    </cdsListItem>    
    <cdsListItem>
    	<cdsListItemKey>146</cdsListItemKey>
    	<cdsListItemValue>DTaP-IPV-Hib-HepB</cdsListItemValue>
    	<cdsListItemConceptMapping>
    		<code>ICE146</code>
    		<displayName>DTaP-IPV-Hib-HepB</displayName>
    	</cdsListItemConceptMapping>
    </cdsListItem>    
    <cdsListItem>
    	<cdsListItemKey>106</cdsListItemKey>
    	<cdsListItemValue>DT, PediatricDTaP, 5 pertussis antigens</cdsListItemValue>
    	<cdsListItemConceptMapping>
    		<code>ICE106</code>
    		<displayName>DTaP, 5 pertussis antigens</displayName>
    	</cdsListItemConceptMapping>
    </cdsListItem>
    <cdsListItem>
    	<cdsListItemKey>28</cdsListItemKey>
    	<cdsListItemValue>DT, Pediatric</cdsListItemValue>
    	<cdsListItemConceptMapping>
    		<code>ICE28</code>
    		<displayName>DT, Pediatric</displayName>
    	</cdsListItemConceptMapping>
    </cdsListItem>
    <cdsListItem>
    	<cdsListItemKey>11</cdsListItemKey>
    	<cdsListItemValue>Pertussis</cdsListItemValue>
    	<cdsListItemConceptMapping>
    		<code>ICE11</code>
    		<displayName>Pertussis</displayName>
    	</cdsListItemConceptMapping>
    </cdsListItem>
    <cdsListItem>
    	<cdsListItemKey>09</cdsListItemKey>
    	<cdsListItemValue>Td, adult, absorbed</cdsListItemValue>
    	<cdsListItemConceptMapping>
    		<code>ICE09</code>
    		<displayName>Td, adult, absorbed</displayName>
    	</cdsListItemConceptMapping>
    </cdsListItem>
    <cdsListItem>
    	<cdsListItemKey>103</cdsListItemKey>
    	<cdsListItemValue>meningococcal C conjugate</cdsListItemValue>
    	<cdsListItemConceptMapping>
    		<code>ICE103</code>
    		<displayName>meningococcal C conjugate</displayName>
    	</cdsListItemConceptMapping>
    </cdsListItem>
    <cdsListItem>
    	<cdsListItemKey>115</cdsListItemKey>
    	<cdsListItemValue>Tdap</cdsListItemValue>
    	<cdsListItemConceptMapping>
    		<code>ICE115</code>
    		<displayName>Tdap</displayName>
    	</cdsListItemConceptMapping>
    </cdsListItem>
    <cdsListItem>
    	<cdsListItemKey>08</cdsListItemKey>
    	<cdsListItemValue>Hep B peds, less than 20yrs</cdsListItemValue>
    	<cdsListItemConceptMapping>
    		<code>ICE08</code>
    		<displayName>Hep B peds, less than 20yrs</displayName>
    	</cdsListItemConceptMapping>
    </cdsListItem>
    <cdsListItem>
    	<cdsListItemKey>45</cdsListItemKey>
    	<cdsListItemValue>Hep B NOS</cdsListItemValue>
    	<cdsListItemConceptMapping>
    		<code>ICE45</code>
    		<displayName>Hep NOS</displayName>
    	</cdsListItemConceptMapping>
    </cdsListItem>
    <cdsListItem>
    	<cdsListItemKey>52</cdsListItemKey>
    	<cdsListItemValue>Hep A, adult</cdsListItemValue>
    	<cdsListItemConceptMapping>
    		<code>ICE52</code>
    		<displayName>Hep NOS</displayName>
    	</cdsListItemConceptMapping>
    </cdsListItem>
    <cdsListItem>
    	<cdsListItemKey>113</cdsListItemKey>
    	<cdsListItemValue>Td</cdsListItemValue>
    	<cdsListItemConceptMapping>
    		<code>ICE113</code>
    		<displayName>Td</displayName>
    	</cdsListItemConceptMapping>
    </cdsListItem>
    <cdsListItem>
    	<cdsListItemKey>107</cdsListItemKey>
    	<cdsListItemValue>DTaP NOS</cdsListItemValue>
    	<cdsListItemConceptMapping>
    		<code>ICE107</code>
    		<displayName>DTaP NOS</displayName>
    	</cdsListItemConceptMapping>
    </cdsListItem>
    <cdsListItem>
    	<cdsListItemKey>42</cdsListItemKey>
    	<cdsListItemValue>Hep B Dialysis</cdsListItemValue>
    	<cdsListItemConceptMapping>
    		<code>ICE42</code>
    		<displayName>Hep B Dialysis</displayName>
    	</cdsListItemConceptMapping>
    </cdsListItem>
    <cdsListItem>
    	<cdsListItemKey>44</cdsListItemKey>
    	<cdsListItemValue>Hep B NOS</cdsListItemValue>
    	<cdsListItemConceptMapping>
    		<code>ICE44</code>
    		<displayName>Hep B NOS</displayName>
    	</cdsListItemConceptMapping>
    </cdsListItem>
    <cdsListItem>
    	<cdsListItemKey>43</cdsListItemKey>
    	<cdsListItemValue>Hep B adult >=20 yrs</cdsListItemValue>
    	<cdsListItemConceptMapping>
    		<code>ICE43</code>
    		<displayName>Hep B adult >=20 yrs</displayName>
    	</cdsListItemConceptMapping>
    </cdsListItem>
    <cdsListItem>
    	<cdsListItemKey>83</cdsListItemKey>
    	<cdsListItemValue>Hep A ped/adol 2 dose</cdsListItemValue>
    	<cdsListItemConceptMapping>
    		<code>ICE83</code>
    		<displayName>Hep A ped/adol 2 dose</displayName>
    	</cdsListItemConceptMapping>
    </cdsListItem>
    <cdsListItem>
    	<cdsListItemKey>84</cdsListItemKey>
    	<cdsListItemValue>Hep A ped/adol 3 dose</cdsListItemValue>
    	<cdsListItemConceptMapping>
    		<code>ICE84</code>
    		<displayName>Hep A ped/adol 3 dose</displayName>
    	</cdsListItemConceptMapping>
    </cdsListItem>
    <cdsListItem>
    	<cdsListItemKey>31</cdsListItemKey>
    	<cdsListItemValue>Hep A pediatric NOS</cdsListItemValue>
    	<cdsListItemConceptMapping>
    		<code>ICE31</code>
    		<displayName>Hep A pediatric NOS</displayName>
    	</cdsListItemConceptMapping>
    </cdsListItem>
    <cdsListItem>
    	<cdsListItemKey>85</cdsListItemKey>
    	<cdsListItemValue>Hep A NOS</cdsListItemValue>
    	<cdsListItemConceptMapping>
    		<code>ICE85</code>
    		<displayName>Hep A NOS</displayName>
    	</cdsListItemConceptMapping>
    </cdsListItem>
    <cdsListItem>
    	<cdsListItemKey>15</cdsListItemKey>
    	<cdsListItemValue>Influenza, split</cdsListItemValue>
    	<cdsListItemConceptMapping>
    		<code>ICE15</code>
    		<displayName>Influenza, split</displayName>
    	</cdsListItemConceptMapping>
    </cdsListItem>
    <cdsListItem>
    	<cdsListItemKey>16</cdsListItemKey>
    	<cdsListItemValue>Influenza, whole</cdsListItemValue>
    	<cdsListItemConceptMapping>
    		<code>ICE16</code>
    		<displayName>Influenza, whole</displayName>
    	</cdsListItemConceptMapping>
    </cdsListItem>
    <cdsListItem>
    	<cdsListItemKey>88</cdsListItemKey>
    	<cdsListItemValue>Influenza, unspecified formulation</cdsListItemValue>
    	<cdsListItemConceptMapping>
    		<code>ICE88</code>
    		<displayName>Influenza, unspecified formulation</displayName>
    	</cdsListItemConceptMapping>
    </cdsListItem>
    <cdsListItem>
    	<cdsListItemKey>111</cdsListItemKey>
    	<cdsListItemValue>influenza, live, intranasal</cdsListItemValue>
    	<cdsListItemConceptMapping>
    		<code>ICE111</code>
    		<displayName>influenza, live, intranasal</displayName>
    	</cdsListItemConceptMapping>
    </cdsListItem>
    <cdsListItem>
    	<cdsListItemKey>135</cdsListItemKey>
    	<cdsListItemValue>influenza, high dose, seasonal</cdsListItemValue>
    	<cdsListItemConceptMapping>
    		<code>ICE135</code>
    		<displayName>influenza, high dose, seasonal</displayName>
    	</cdsListItemConceptMapping>
    </cdsListItem>
    <cdsListItem>
    	<cdsListItemKey>140</cdsListItemKey>
    	<cdsListItemValue>influenza, seasonal, injectable, preservative free</cdsListItemValue>
    	<cdsListItemConceptMapping>
    		<code>ICE140</code>
    		<displayName>influenza, seasonal, injectable, preservative free</displayName>
    	</cdsListItemConceptMapping>
    </cdsListItem>
    <cdsListItem>
    	<cdsListItemKey>141</cdsListItemKey>
    	<cdsListItemValue>influenza, seasonal, injectable</cdsListItemValue>
    	<cdsListItemConceptMapping>
    		<code>ICE141</code>
    		<displayName>influenza, seasonal, injectable</displayName>
    	</cdsListItemConceptMapping>
    </cdsListItem>
    <cdsListItem>
    	<cdsListItemKey>144</cdsListItemKey>
    	<cdsListItemValue>influenza, seasonal, intradermal, preservative free</cdsListItemValue>
    	<cdsListItemConceptMapping>
    		<code>ICE144</code>
    		<displayName>influenza, seasonal, intradermal, preservative free</displayName>
    	</cdsListItemConceptMapping>
    </cdsListItem>
    <cdsListItem>
    	<cdsListItemKey>149</cdsListItemKey>
    	<cdsListItemValue>influenza, live, intranasal, quadrivalent</cdsListItemValue>
    	<cdsListItemConceptMapping>
    		<code>ICE149</code>
    		<displayName>influenza, live, intranasal, quadrivalent</displayName>
    	</cdsListItemConceptMapping>
    </cdsListItem>
    <cdsListItem>
    	<cdsListItemKey>150</cdsListItemKey>
    	<cdsListItemValue>influenza, injectable, quadrivalent, preservative free</cdsListItemValue>
    	<cdsListItemConceptMapping>
    		<code>ICE150</code>
    		<displayName>influenza, injectable, quadrivalent, preservative free</displayName>
    	</cdsListItemConceptMapping>
    </cdsListItem>
    <cdsListItem>
    	<cdsListItemKey>151</cdsListItemKey>
    	<cdsListItemValue>influenza nasal, unspecified formulation</cdsListItemValue>
    	<cdsListItemConceptMapping>
    		<code>ICE151</code>
    		<displayName>influenza nasal, unspecified formulation</displayName>
    	</cdsListItemConceptMapping>
    </cdsListItem>
    <cdsListItem>
    	<cdsListItemKey>153</cdsListItemKey>
    	<cdsListItemValue>influenza, injectable, MDCK, preservative free</cdsListItemValue>
    	<cdsListItemConceptMapping>
    		<code>ICE153</code>
    		<displayName>influenza, injectable, MDCK, preservative free</displayName>
    	</cdsListItemConceptMapping>
    </cdsListItem>
    <cdsListItem>
    	<cdsListItemKey>155</cdsListItemKey>
    	<cdsListItemValue>influenza, recombinant, injectable, preservative free</cdsListItemValue>
    	<cdsListItemConceptMapping>
    		<code>ICE155</code>
    		<displayName>influenza, recombinant, injectable, preservative free</displayName>
    	</cdsListItemConceptMapping>
    </cdsListItem>
    <cdsListItem>
    	<cdsListItemKey>158</cdsListItemKey>
    	<cdsListItemValue>influenza-IIV, IM (>3yrs)</cdsListItemValue>
    	<cdsListItemConceptMapping>
    		<code>ICE158</code>
    		<displayName>influenza-IIV, IM (>3yrs)</displayName>
    	</cdsListItemConceptMapping>
    </cdsListItem>
    <cdsListItem>
    	<cdsListItemKey>161</cdsListItemKey>
    	<cdsListItemValue>influenza, injectable, quadrivalent, preservative free, pediatric</cdsListItemValue>
    	<cdsListItemConceptMapping>
    		<code>ICE161</code>
    		<displayName>influenza, injectable, quadrivalent, preservative free, pediatric</displayName>
    	</cdsListItemConceptMapping>
    </cdsListItem>
    <cdsListItem>
    	<cdsListItemKey>166</cdsListItemKey>
    	<cdsListItemValue>influenza, intradermal, quadrivalent, preservative free, injectable</cdsListItemValue>
    	<cdsListItemConceptMapping>
    		<code>ICE166</code>
    		<displayName>influenza, intradermal, quadrivalent, preservative free, injectable</displayName>
    	</cdsListItemConceptMapping>
    </cdsListItem>
    <cdsListItem>
    	<cdsListItemKey>125</cdsListItemKey>
    	<cdsListItemValue>Novel Influenza-H1N1-09, nasal</cdsListItemValue>
    	<cdsListItemConceptMapping>
    		<code>ICE125</code>
    		<displayName>Novel Influenza-H1N1-09, nasal</displayName>
    	</cdsListItemConceptMapping>
    </cdsListItem>
    <cdsListItem>
    	<cdsListItemKey>126</cdsListItemKey>
    	<cdsListItemValue>Novel Influenza-H1N1-09, preservative-free</cdsListItemValue>
    	<cdsListItemConceptMapping>
    		<code>ICE126</code>
    		<displayName>Novel Influenza-H1N1-09, preservative-free</displayName>
    	</cdsListItemConceptMapping>
    </cdsListItem>
    <cdsListItem>
    	<cdsListItemKey>127</cdsListItemKey>
    	<cdsListItemValue>Novel Influenza-H1N1-09</cdsListItemValue>
    	<cdsListItemConceptMapping>
    		<code>ICE127</code>
    		<displayName>Novel Influenza-H1N1-09</displayName>
    	</cdsListItemConceptMapping>
    </cdsListItem>
    <cdsListItem>
    	<cdsListItemKey>128</cdsListItemKey>
    	<cdsListItemValue>Novel Influenza-H1N1-09, all formulations</cdsListItemValue>
    	<cdsListItemConceptMapping>
    		<code>ICE128</code>
    		<displayName>Novel Influenza-H1N1-09, all formulations</displayName>
    	</cdsListItemConceptMapping>
    </cdsListItem>
    <cdsListItem>
    	<cdsListItemKey>104</cdsListItemKey>
    	<cdsListItemValue>Twinrix</cdsListItemValue>
    	<cdsListItemConceptMapping>
    		<code>ICE104</code>
    		<displayName>Twinrix</displayName>
    	</cdsListItemConceptMapping>
    </cdsListItem>
    <cdsListItem>
    	<cdsListItemKey>03</cdsListItemKey>
    	<cdsListItemValue>MMR</cdsListItemValue>
    	<cdsListItemConceptMapping>
    		<code>ICE03</code>
    		<displayName>MMR</displayName>
    	</cdsListItemConceptMapping>
    </cdsListItem>
    <cdsListItem>
    	<cdsListItemKey>05</cdsListItemKey>
    	<cdsListItemValue>Measles</cdsListItemValue>
    	<cdsListItemConceptMapping>
    		<code>ICE05</code>
    		<displayName>Measles</displayName>
    	</cdsListItemConceptMapping>
    </cdsListItem>
    <cdsListItem>
    	<cdsListItemKey>06</cdsListItemKey>
    	<cdsListItemValue>Rubella</cdsListItemValue>
    	<cdsListItemConceptMapping>
    		<code>ICE06</code>
    		<displayName>Rubella</displayName>
    	</cdsListItemConceptMapping>
    </cdsListItem>
    <cdsListItem>
    	<cdsListItemKey>07</cdsListItemKey>
    	<cdsListItemValue>Mumps</cdsListItemValue>
    	<cdsListItemConceptMapping>
    		<code>ICE07</code>
    		<displayName>Mumps</displayName>
    	</cdsListItemConceptMapping>
    </cdsListItem>
    <cdsListItem>
    	<cdsListItemKey>04</cdsListItemKey>
    	<cdsListItemValue>Measles/Rubella</cdsListItemValue>
    	<cdsListItemConceptMapping>
    		<code>ICE04</code>
    		<displayName>Measles/Rubella</displayName>
    	</cdsListItemConceptMapping>
    </cdsListItem>
    <cdsListItem>
    	<cdsListItemKey>38</cdsListItemKey>
    	<cdsListItemValue>Mumps/Rubella</cdsListItemValue>
    	<cdsListItemConceptMapping>
    		<code>ICE38</code>
    		<displayName>Mumps/Rubella</displayName>
    	</cdsListItemConceptMapping>
    </cdsListItem>
    <cdsListItem>
    	<cdsListItemKey>21</cdsListItemKey>
    	<cdsListItemValue>Varicella</cdsListItemValue>
    	<cdsListItemConceptMapping>
    		<code>ICE21</code>
    		<displayName>Varicella</displayName>
    	</cdsListItemConceptMapping>
    </cdsListItem>
    <cdsListItem>
    	<cdsListItemKey>94</cdsListItemKey>
    	<cdsListItemValue>MMR-Varicella</cdsListItemValue>
    	<cdsListItemConceptMapping>
    		<code>ICE94</code>
    		<displayName>MMR-Varicella</displayName>
    	</cdsListItemConceptMapping>
    </cdsListItem>
    <cdsListItem>
    	<cdsListItemKey>116</cdsListItemKey>
    	<cdsListItemValue>Rotavirus RV5 (RotaTeq, 3 dose)</cdsListItemValue>
    	<cdsListItemConceptMapping>
    		<code>ICE116</code>
    		<displayName>Rotavirus RV5 (RotaTeq, 3 dose)</displayName>
    	</cdsListItemConceptMapping>
    </cdsListItem>
    <cdsListItem>
    	<cdsListItemKey>119</cdsListItemKey>
    	<cdsListItemValue>Rotavirus RV1 (Rotarix, 2 dose)</cdsListItemValue>
    	<cdsListItemConceptMapping>
    		<code>ICE119</code>
    		<displayName>Rotavirus RV1 (Rotarix, 2 dose)</displayName>
    	</cdsListItemConceptMapping>
    </cdsListItem>
    <cdsListItem>
    	<cdsListItemKey>122</cdsListItemKey>
    	<cdsListItemValue>Rotavirus NOS</cdsListItemValue>
    	<cdsListItemConceptMapping>
    		<code>ICE122</code>
    		<displayName>Rotavirus NOS</displayName>
    	</cdsListItemConceptMapping>
    </cdsListItem>
    <cdsListItem>
    	<cdsListItemKey>74</cdsListItemKey>
    	<cdsListItemValue>Rotavirus</cdsListItemValue>
    	<cdsListItemConceptMapping>
    		<code>ICE74</code>
    		<displayName>Rotavirus</displayName>
    	</cdsListItemConceptMapping>
    </cdsListItem>
    <cdsListItem>
    	<cdsListItemKey>17</cdsListItemKey>
    	<cdsListItemValue>Hib NOS</cdsListItemValue>
    	<cdsListItemConceptMapping>
    		<code>ICE17</code>
    		<displayName>Hib NOS</displayName>
    	</cdsListItemConceptMapping>
    </cdsListItem>
    <cdsListItem>
    	<cdsListItemKey>46</cdsListItemKey>
    	<cdsListItemValue>Hib-PRP-D (ProHIBIT)</cdsListItemValue>
    	<cdsListItemConceptMapping>
    		<code>ICE46</code>
    		<displayName>Hib-PRP-D (ProHIBIT)</displayName>
    	</cdsListItemConceptMapping>
    </cdsListItem>
    <cdsListItem>
    	<cdsListItemKey>47</cdsListItemKey>
    	<cdsListItemValue>Hib-HbOC (HibTITER)</cdsListItemValue>
    	<cdsListItemConceptMapping>
    		<code>ICE47</code>
    		<displayName>Hib-HbOC (HibTITER</displayName>
    	</cdsListItemConceptMapping>
    </cdsListItem>
    <cdsListItem>
    	<cdsListItemKey>48</cdsListItemKey>
    	<cdsListItemValue>Hib-PRP-T (ActHIB, Hiberix)</cdsListItemValue>
    	<cdsListItemConceptMapping>
    		<code>ICE48</code>
    		<displayName>Hib-PRP-T (ActHIB, Hiberix)</displayName>
    	</cdsListItemConceptMapping>
    </cdsListItem>
    <cdsListItem>
    	<cdsListItemKey>49</cdsListItemKey>
    	<cdsListItemValue>Hib-PRP-OMP (PedvaxHIB)</cdsListItemValue>
    	<cdsListItemConceptMapping>
    		<code>ICE49</code>
    		<displayName>Hib-PRP-OMP (PedvaxHIB)</displayName>
    	</cdsListItemConceptMapping>
    </cdsListItem>
    <cdsListItem>
    	<cdsListItemKey>165</cdsListItemKey>
    	<cdsListItemValue>HPV9</cdsListItemValue>
    	<cdsListItemConceptMapping>
    		<code>ICE165</code>
    		<displayName>HPV9</displayName>
    	</cdsListItemConceptMapping>
    </cdsListItem>    
    <cdsListItem>
    	<cdsListItemKey>62</cdsListItemKey>
    	<cdsListItemValue>HPV Quadrivalent (Gardasil)</cdsListItemValue>
    	<cdsListItemConceptMapping>
    		<code>ICE62</code>
    		<displayName>HPV Quadrivalent (Gardasil)</displayName>
    	</cdsListItemConceptMapping>
    </cdsListItem>
    <cdsListItem>
    	<cdsListItemKey>118</cdsListItemKey>
    	<cdsListItemValue>HPV Bivalent (Cervarix)</cdsListItemValue>
    	<cdsListItemConceptMapping>
    		<code>ICE118</code>
    		<displayName>HPV Bivalent (Cervarix)</displayName>
    	</cdsListItemConceptMapping>
    </cdsListItem>
    <cdsListItem>
    	<cdsListItemKey>137</cdsListItemKey>
    	<cdsListItemValue>HPV NOS</cdsListItemValue>
    	<cdsListItemConceptMapping>
    		<code>ICE137</code>
    		<displayName>HPV NOS</displayName>
    	</cdsListItemConceptMapping>
    </cdsListItem>
    <cdsListItem>
    	<cdsListItemKey>01</cdsListItemKey>
    	<cdsListItemValue>DTP</cdsListItemValue>
    	<cdsListItemConceptMapping>
    		<code>ICE01</code>
    		<displayName>DTP</displayName>
    	</cdsListItemConceptMapping>
    </cdsListItem>
    <cdsListItem>
    	<cdsListItemKey>20</cdsListItemKey>
    	<cdsListItemValue>DTaP</cdsListItemValue>
    	<cdsListItemConceptMapping>
    		<code>ICE20</code>
    		<displayName>DTaP</displayName>
    	</cdsListItemConceptMapping>
    </cdsListItem>
    <cdsListItem>
    	<cdsListItemKey>102</cdsListItemKey>
    	<cdsListItemValue>DTP-Hib-HepB</cdsListItemValue>
    	<cdsListItemConceptMapping>
    		<code>ICE102</code>
    		<displayName>DTP-Hib-HepB</displayName>
    	</cdsListItemConceptMapping>
    </cdsListItem>
    <cdsListItem>
    	<cdsListItemKey>110</cdsListItemKey>
    	<cdsListItemValue>DTaP-HepB-IPV (Pediarix)</cdsListItemValue>
    	<cdsListItemConceptMapping>
    		<code>ICE110</code>
    		<displayName>DTaP-HepB-IPV (Pediarix)</displayName>
    	</cdsListItemConceptMapping>
    </cdsListItem>
    <cdsListItem>
    	<cdsListItemKey>50</cdsListItemKey>
    	<cdsListItemValue>DTaP-Hib (TriHiBIt)</cdsListItemValue>
    	<cdsListItemConceptMapping>
    		<code>ICE50</code>
    		<displayName>DTaP-Hib (TriHiBIt)</displayName>
    	</cdsListItemConceptMapping>
    </cdsListItem>
    <cdsListItem>
    	<cdsListItemKey>51</cdsListItemKey>
    	<cdsListItemValue>Hep B-Hib PRP-OMP (ComVAX)</cdsListItemValue>
    	<cdsListItemConceptMapping>
    		<code>ICE51</code>
    		<displayName>Hep B-Hib PRP-OMP (ComVAX)</displayName>
    	</cdsListItemConceptMapping>
    </cdsListItem>
    <cdsListItem>
    	<cdsListItemKey>120</cdsListItemKey>
    	<cdsListItemValue>DTaP-Hib (PRP-T)-IPV</cdsListItemValue>
    	<cdsListItemConceptMapping>
    		<code>ICE120</code>
    		<displayName>DTaP-Hib (PRP-T)-IPV</displayName>
    	</cdsListItemConceptMapping>
    </cdsListItem>
    <cdsListItem>
    	<cdsListItemKey>22</cdsListItemKey>
    	<cdsListItemValue>DTP-Hib (Tetramune; OmniHib-DTP)</cdsListItemValue>
    	<cdsListItemConceptMapping>
    		<code>ICE22</code>
    		<displayName>DTP-Hib (Tetramune; OmniHib-DTP)</displayName>
    	</cdsListItemConceptMapping>
    </cdsListItem>
    <cdsListItem>
    	<cdsListItemKey>130</cdsListItemKey>
    	<cdsListItemValue>DTaP-IPV</cdsListItemValue>
    	<cdsListItemConceptMapping>
    		<code>ICE130</code>
    		<displayName>DTaP-IPV</displayName>
    	</cdsListItemConceptMapping>
    </cdsListItem>
    <cdsListItem>
    	<cdsListItemKey>100</cdsListItemKey>
    	<cdsListItemValue>Pneumococcal Conjugate 7 valent (PCV 7)</cdsListItemValue>
    	<cdsListItemConceptMapping>
    		<code>ICE100</code>
    		<displayName>Pneumococcal Conjugate 7 valent (PCV 7)</displayName>
    	</cdsListItemConceptMapping>
    </cdsListItem>
    <cdsListItem>
    	<cdsListItemKey>133</cdsListItemKey>
    	<cdsListItemValue>Pneumococcal Conjugate 13 valent (PCV 13)</cdsListItemValue>
    	<cdsListItemConceptMapping>
    		<code>ICE133</code>
    		<displayName>Pneumococcal Conjugate 13 valent (PCV 13)</displayName>
    	</cdsListItemConceptMapping>
    </cdsListItem>
    <cdsListItem>
    	<cdsListItemKey>152</cdsListItemKey>
    	<cdsListItemValue>Pneumococcal Conjugate NOS</cdsListItemValue>
    	<cdsListItemConceptMapping>
    		<code>ICE152</code>
    		<displayName>Pneumococcal Conjugate NOS</displayName>
    	</cdsListItemConceptMapping>
    </cdsListItem>
    <cdsListItem>
    	<cdsListItemKey>109</cdsListItemKey>
    	<cdsListItemValue>Pneumococcal NOS</cdsListItemValue>
    	<cdsListItemConceptMapping>
    		<code>ICE109</code>
    		<displayName>Pneumococcal NOS</displayName>
    	</cdsListItemConceptMapping>
    </cdsListItem>
    <cdsListItem>
    	<cdsListItemKey>33</cdsListItemKey>
    	<cdsListItemValue>Pneumococcal Polysaccharide 23 valent</cdsListItemValue>
    	<cdsListItemConceptMapping>
    		<code>ICE33</code>
    		<displayName>Pneumococcal Polysaccharide 23 valent</displayName>
    	</cdsListItemConceptMapping>
    </cdsListItem>
    <cdsListItem>
    	<cdsListItemKey>148</cdsListItemKey>
    	<cdsListItemValue>Mening CY-Hib PRP-T (Menhibrix)</cdsListItemValue>
    	<cdsListItemConceptMapping>
    		<code>ICE148</code>
    		<displayName>Mening CY-Hib PRP-T (Menhibrix)</displayName>
    	</cdsListItemConceptMapping>
    </cdsListItem>
    <cdsListItem>
    	<cdsListItemKey>FAKE_MENING_CVX</cdsListItemKey>
    	<cdsListItemValue>Meningococcal C/Y</cdsListItemValue>
    	<cdsListItemConceptMapping>
    		<code>N-ICE-VACCINE_MENING_CY</code>
    		<displayName>Meningococcal C/Y</displayName>
    	</cdsListItemConceptMapping>
    </cdsListItem>
    <cdsListItem>
    	<cdsListItemKey>114</cdsListItemKey>
    	<cdsListItemValue>Meningococcal MCV4P (Menactra)</cdsListItemValue>
    	<cdsListItemConceptMapping>
    		<code>ICE114</code>
    		<displayName>Meningococcal MCV4P (Menactra)</displayName>
    	</cdsListItemConceptMapping>
    </cdsListItem>
    <cdsListItem>
    	<cdsListItemKey>136</cdsListItemKey>
    	<cdsListItemValue>Meningococcal MCV4O (Menveo)</cdsListItemValue>
    	<cdsListItemConceptMapping>
    		<code>ICE136</code>
    		<displayName>Meningococcal MCV4O (Menveo)</displayName>
    	</cdsListItemConceptMapping>
    </cdsListItem>
    <cdsListItem>
    	<cdsListItemKey>32</cdsListItemKey>
    	<cdsListItemValue>Meningococcal MPSv4 (Menomume)</cdsListItemValue>
    	<cdsListItemConceptMapping>
    		<code>ICE32</code>
    		<displayName>Meningococcal MPSv4 (Menomume)</displayName>
    	</cdsListItemConceptMapping>
    </cdsListItem>
    <cdsListItem>
    	<cdsListItemKey>108</cdsListItemKey>
    	<cdsListItemValue>Meningococcal, unspecified forumation</cdsListItemValue>
    	<cdsListItemConceptMapping>
    		<code>ICE108</code>
    		<displayName>Meningococcal, unspecified forumation</displayName>
    	</cdsListItemConceptMapping>
    </cdsListItem>
    <cdsListItem>
    	<cdsListItemKey>147</cdsListItemKey>
    	<cdsListItemValue>Meningococcal MCV4, unspecified formulation</cdsListItemValue>
    	<cdsListItemConceptMapping>
    		<code>ICE147</code>
    		<displayName>Meningococcal MCV4, unspecified forumation</displayName>
    	</cdsListItemConceptMapping>
    </cdsListItem>
    <cdsListItem>
    	<cdsListItemKey>02</cdsListItemKey>
    	<cdsListItemValue>OPV</cdsListItemValue>
    	<cdsListItemConceptMapping>
    		<code>ICE02</code>
    		<displayName>OPV</displayName>
    	</cdsListItemConceptMapping>
    </cdsListItem>
    <cdsListItem>
    	<cdsListItemKey>10</cdsListItemKey>
    	<cdsListItemValue>IPV</cdsListItemValue>
    	<cdsListItemConceptMapping>
    		<code>ICE10</code>
    		<displayName>IPV</displayName>
    	</cdsListItemConceptMapping>
    </cdsListItem>
    <cdsListItem>
    	<cdsListItemKey>89</cdsListItemKey>
    	<cdsListItemValue>Polio, unspecified formulation</cdsListItemValue>
    	<cdsListItemConceptMapping>
    		<code>ICE89</code>
    		<displayName>Polio, unspecified formulation</displayName>
    	</cdsListItemConceptMapping>
    </cdsListItem>
    <cdsVersion>org.nyc.cir^ICE^1.0.0</cdsVersion>
</ns2:cdsListSpecificationFile>