<?xml version="1.0" encoding="UTF-8" standalone="yes"?>
<ns2:cdsListSpecificationFile xmlns:ns2="org.cdsframework.util.support.data.cds.list">
    <listId>1f305bc0X568822e2608f22be9d1bac9c</listId>
    <code>EVALUATION_REASON_CONCEPT</code>
    <name>ICE Evaluation Reasons: All</name>
    <listType>CODE_SYSTEM</listType>
    <description>evaluation_interpretation</description>
    <codeSystem>2.16.840.1.113883.3.795.12.100.3</codeSystem>
    <codeSystemName>ICE Evaluation Reason</codeSystemName>
    <cdsListItem>
        <cdsListItemKey>ABOVE_MAX_AGE_VACCINE</cdsListItemKey>
        <cdsListItemValue>Above Maximum Age for Vaccine</cdsListItemValue>
    </cdsListItem>
    <cdsListItem>
        <cdsListItemKey>D_AND_T_INVALID/P_VALID</cdsListItemKey>
        <cdsListItemValue>Diphtheria and Tetanus Invalid, Pertussis Valid</cdsListItemValue>
    </cdsListItem>
	<cdsListItem>
        <cdsListItemKey>PROOF_OF_IMMUNITY</cdsListItemKey>
        <cdsListItemValue>Proof of Immunity</cdsListItemValue>
    </cdsListItem>
    <cdsListItem>
        <cdsListItemKey>DISEASE_DOCUMENTED</cdsListItemKey>
        <cdsListItemValue>Disease Documented</cdsListItemValue>
    </cdsListItem>
    <cdsVersion>org.nyc.cir^ICE^1.0.0</cdsVersion>
</ns2:cdsListSpecificationFile>
