<?xml version="1.0" encoding="UTF-8" standalone="yes"?>
<ns2:iceVaccineSpecificationFile xmlns:ns2="org.cdsframework.util.support.data.ice.vaccine">
    <vaccine code="109" codeSystem="2.16.840.1.113883.12.292" codeSystemName="CVX" displayName="pneumococcal NOS"/>
    <cdsVersion>org.nyc.cir^ICE^1.0.0</cdsVersion>
    <ns2:liveVirusVaccine>false</ns2:liveVirusVaccine>
    <ns2:unspecifiedFormulation>true</ns2:unspecifiedFormulation>
    <ns2:vaccineActive>true</ns2:vaccineActive>
    <ns2:manufacturerCode/>
    <vaccineComponent code="109" codeSystem="2.16.840.1.113883.12.292" codeSystemName="CVX" displayName="pneumococcal NOS"/>
    <diseaseImmunity code="481" codeSystem="2.16.840.1.113883.6.103" codeSystemName="ICD9CM Diagnosis" displayName="Pneumococcal Pneumonia"/>
    <openCdsMembership code="ICE109" displayName="Pneumococcal Conjugate NOS"/>
    <primaryOpenCdsConcept code="ICE109"/>
</ns2:iceVaccineSpecificationFile>
