<?xml version="1.0" encoding="UTF-8" standalone="yes"?>
<ns2:iceVaccineSpecificationFile xmlns:ns2="org.cdsframework.util.support.data.ice.vaccine">
    <vaccine code="119" codeSystem="2.16.840.1.113883.12.292" codeSystemName="CVX" displayName="rotavirus, monovalent"/>
    <cdsVersion>org.nyc.cir^ICE^1.0.0</cdsVersion>
    <ns2:liveVirusVaccine>false</ns2:liveVirusVaccine>
    <ns2:vaccineActive>true</ns2:vaccineActive>
    <ns2:tradeName>ROTARIX</ns2:tradeName>
    <ns2:manufacturerCode/>
    <vaccineComponent code="119" codeSystem="2.16.840.1.113883.12.292" codeSystemName="CVX" displayName="rotavirus, monovalent"/>
    <diseaseImmunity code="008.61" codeSystem="2.16.840.1.113883.6.103" codeSystemName="ICD9CM Diagnosis" displayName="Rotavirus"/>
    <openCdsMembership code="ICE119" displayName="Rotavirus RV1 (Rotarix, 2 dose)"/>
    <primaryOpenCdsConcept code="ICE119"/>
</ns2:iceVaccineSpecificationFile>
