<?xml version="1.0" encoding="UTF-8" standalone="yes"?>
<ns2:iceVaccineSpecificationFile xmlns:ns2="org.cdsframework.util.support.data.ice.vaccine">
    <vaccine code="147" codeSystem="2.16.840.1.113883.12.292" codeSystemName="CVX" displayName="meningococcal MCV4 NOS"/>
    <cdsVersion>org.nyc.cir^ICE^1.0.0</cdsVersion>
    <ns2:liveVirusVaccine>false</ns2:liveVirusVaccine>
    <ns2:vaccineActive>true</ns2:vaccineActive>
    <ns2:manufacturerCode/>
    <ns2:validMinimumAgeForUse>9m-4d</ns2:validMinimumAgeForUse>
    <vaccineComponent code="147" codeSystem="2.16.840.1.113883.12.292" codeSystemName="CVX" displayName="meningococcal MCV4 NOS"/>
    <diseaseImmunity code="036.9" codeSystem="2.16.840.1.113883.6.103" codeSystemName="ICD9CM Diagnosis" displayName="Meningococcal"/>
    <primaryOpenCdsConcept code="ICE147"/>
</ns2:iceVaccineSpecificationFile>
