<?xml version="1.0" encoding="UTF-8" standalone="yes"?>
<ns2:iceVaccineSpecificationFile xmlns:ns2="org.cdsframework.util.support.data.ice.vaccine">
    <vaccine code="148" codeSystem="2.16.840.1.113883.12.292" codeSystemName="CVX" displayName="meningococcal C/Y-HIB PRP"/>
    <cdsVersion>org.nyc.cir^ICE^1.0.0</cdsVersion>
    <ns2:liveVirusVaccine>false</ns2:liveVirusVaccine>
    <ns2:vaccineActive>true</ns2:vaccineActive>
    <ns2:tradeName>MENHIBRIX</ns2:tradeName>
    <ns2:manufacturerCode/>
    <vaccineComponent code="108" codeSystem="2.16.840.1.113883.12.292" codeSystemName="CVX" displayName="meningococcal NOS"/>
    <vaccineComponent code="48" codeSystem="2.16.840.1.113883.12.292" codeSystemName="CVX" displayName="Hib (PRP-T)"/>
    <diseaseImmunity code="036.9" codeSystem="2.16.840.1.113883.6.103" codeSystemName="ICD9CM Diagnosis" displayName="Meningococcal"/>
    <diseaseImmunity code="482.2" codeSystem="2.16.840.1.113883.6.103" codeSystemName="ICD9CM Diagnosis" displayName="Hib"/>
    <openCdsMembership code="ICE148" displayName="Mening C&amp;Y-Hib PRP-T (Menhibrix)"/>
    <primaryOpenCdsConcept code="ICE148"/>
</ns2:iceVaccineSpecificationFile>
