<?xml version="1.0" encoding="UTF-8" standalone="yes"?>
<ns2:iceVaccineSpecificationFile xmlns:ns2="org.cdsframework.util.support.data.ice.vaccine">
    <vaccine code="42" codeSystem="2.16.840.1.113883.12.292" codeSystemName="CVX" displayName="Hep B, adolescent/high risk infant"/>
    <cdsVersion>org.nyc.cir^ICE^1.0.0</cdsVersion>
    <ns2:liveVirusVaccine>false</ns2:liveVirusVaccine>
    <ns2:vaccineActive>true</ns2:vaccineActive>
    <ns2:manufacturerCode/>
    <ns2:validMaximumAgeForUse>20y</ns2:validMaximumAgeForUse>
    <vaccineComponent code="42" codeSystem="2.16.840.1.113883.12.292" codeSystemName="CVX" displayName="Hep B, adolescent/high risk infant"/>
    <diseaseImmunity code="070.30" codeSystem="2.16.840.1.113883.6.103" codeSystemName="ICD9CM Diagnosis" displayName="Hepatitis B"/>
    <openCdsMembership code="ICE42" displayName="HepB high risk infant"/>
    <primaryOpenCdsConcept code="ICE42"/>
</ns2:iceVaccineSpecificationFile>
