<?xml version="1.0" encoding="UTF-8" standalone="yes"?>
<ns2:iceVaccineSpecificationFile xmlns:ns2="org.cdsframework.util.support.data.ice.vaccine">
    <vaccine code="48" codeSystem="2.16.840.1.113883.12.292" codeSystemName="CVX" displayName="Hib (PRP-T)"/>
    <cdsVersion>org.nyc.cir^ICE^1.0.0</cdsVersion>
    <ns2:liveVirusVaccine>false</ns2:liveVirusVaccine>
    <ns2:vaccineActive>true</ns2:vaccineActive>
    <ns2:tradeName>ACTHIB; HIBERIX; OMNIHIB</ns2:tradeName>
    <ns2:manufacturerCode/>
    <vaccineComponent code="48" codeSystem="2.16.840.1.113883.12.292" codeSystemName="CVX" displayName="Hib (PRP-T)"/>
    <diseaseImmunity code="482.2" codeSystem="2.16.840.1.113883.6.103" codeSystemName="ICD9CM Diagnosis" displayName="Hib"/>
    <openCdsMembership code="ICE48" displayName="Hib-PRP-T (ActHIB, Hiberix)"/>
    <primaryOpenCdsConcept code="ICE48"/>
</ns2:iceVaccineSpecificationFile>
