<?xml version="1.0" encoding="UTF-8" standalone="yes"?>
<ns2:iceVaccineSpecificationFile xmlns:ns2="org.cdsframework.util.support.data.ice.vaccine">
    <vaccine code="51" codeSystem="2.16.840.1.113883.12.292" codeSystemName="CVX" displayName="Hib-Hep B"/>
    <cdsVersion>org.nyc.cir^ICE^1.0.0</cdsVersion>
    <ns2:liveVirusVaccine>false</ns2:liveVirusVaccine>
    <ns2:vaccineActive>true</ns2:vaccineActive>
    <ns2:tradeName>COMVAX</ns2:tradeName>
    <ns2:manufacturerCode/>
    <vaccineComponent code="08" codeSystem="2.16.840.1.113883.12.292" codeSystemName="CVX" displayName="Hep B, adolescent or pediatric"/>
    <vaccineComponent code="49" codeSystem="2.16.840.1.113883.12.292" codeSystemName="CVX" displayName="Hib (PRP-OMP)"/>
    <diseaseImmunity code="070.30" codeSystem="2.16.840.1.113883.6.103" codeSystemName="ICD9CM Diagnosis" displayName="Hepatitis B"/>
    <diseaseImmunity code="482.2" codeSystem="2.16.840.1.113883.6.103" codeSystemName="ICD9CM Diagnosis" displayName="Hib"/>
    <openCdsMembership code="ICE51" displayName="Hib-HepB (Comvax)"/>
    <openCdsMembership code="ICE08" displayName="HepB peds &lt;20yrs"/>
    <primaryOpenCdsConcept code="ICE51"/>
</ns2:iceVaccineSpecificationFile>
