<?xml version="1.0" encoding="UTF-8" standalone="yes"?>
<ns2:executionEngines xmlns:ns2="org.opencds.dss.config_rest.v1_0" xmlns:ns3="org.opencds.dss.config.v1_0"
                      xsi:schemaLocation="org.opencds.dss.config_rest.v1_0 schema/OpenCDSConfigRest.xsd org.opencds.dss.config.v1_0  ../schemaenCDSConfiguration.xsd"
                      xmlns:xsi="http://www.w3.org/2001/XMLSchema-instance">
    <executionEngine>
        <identifier>ICE</identifier>
        <adapter>org.cdsframework.ice.service.configurations.ICEDecisionEngineDSS7EvaluationAdapter</adapter>
        <context>org.cdsframework.ice.service.configurations.IceExecutionEngineContext</context>
        <knowledgeLoader>org.cdsframework.ice.service.configurations.IceKnowledgeLoader</knowledgeLoader>
        <description>Execution Engine org.cdsframework.ice.service.configurations.ICEDecisionEngineDSS7EvaluationAdapter</description>
        <timestamp>2015-01-09T15:51:29.418-05:00</timestamp>
        <userId>daryl</userId>
        <supportedOperation>EVALUATION.EVALUATE</supportedOperation>
        <supportedOperation>EVALUATION.EVALUATE_AT_SPECIFIED_TIME</supportedOperation>
    </executionEngine>
</ns2:executionEngines>
