<?xml version="1.0" encoding="UTF-8" standalone="yes"?>
<ns2:knowledgeModules xmlns:xsi="http://www.w3.org/2001/XMLSchema-instance"
                      xmlns:ns2="org.opencds.dss.config_rest.v1_0" xmlns:ns3="org.opencds.dss.config.v1_0"
                      xsi:schemaLocation="org.opencds.dss.config_rest.v1_0 schema/OpenCDSConfigRest.xsd">
    <knowledgeModule>
        <identifier scopingEntityId="org.nyc.cir" businessId="ICE" version="1.0.0" />
        <status>APPROVED</status>
        <executionEngine>ICE</executionEngine>
        <semanticSignifierId scopingEntityId="org.opencds.vmr" businessId="VMR" version="1.0" />
<!--        <conceptDeterminationMethods />-->
        <package>
            <packageType></packageType>
            <packageId></packageId>
            <preload>true</preload>
        </package>
        <primaryProcess>PrimaryProcess</primaryProcess>
        <preProcessPlugins>
            <preProcessPlugin version="0.1" businessId="ICESupportingDataLoader" scopingEntityId="org.cdsframework.ice"/>
        </preProcessPlugins>
        <timestamp>2015-01-09T15:51:29.433-05:00</timestamp>
        <userId>daryl</userId>
    </knowledgeModule>
    <knowledgeModule>
        <identifier scopingEntityId="org.dhha" businessId="ICE" version="20151203" />
        <status>APPROVED</status>
        <executionEngine>ICE</executionEngine>
        <semanticSignifierId scopingEntityId="org.opencds.vmr" businessId="VMR" version="1.0" />
<!--        <conceptDeterminationMethods />-->
        <package>
            <packageType></packageType>
            <packageId></packageId>
            <preload>false</preload>
        </package>
        <primaryProcess>PrimaryProcess</primaryProcess>
        <preProcessPlugins>
            <preProcessPlugin version="0.1" businessId="ICESupportingDataLoader" scopingEntityId="org.cdsframework.ice"/>
        </preProcessPlugins>
        <timestamp>2017-06-20T16:02:00.000-05:00</timestamp>
        <userId>daryl</userId>
    </knowledgeModule>
</ns2:knowledgeModules>
