<?xml version="1.0" encoding="UTF-8" standalone="yes"?>
<ns2:iceSeriesSpecificationFile xmlns:ns2="org.cdsframework.util.support.data.ice.series">
    <ns2:seriesId>a14123b1a6e191124e0e97a5288ae59960bdc</ns2:seriesId>
    <ns2:name>DTP 5-Dose Series</ns2:name>
    <ns2:code>DTP5DoseSeries</ns2:code>
    <ns2:cdsVersion>org.nyc.cir^ICE^1.0.0</ns2:cdsVersion>
    <ns2:recurringDosesAfterSeriesComplete>true</ns2:recurringDosesAfterSeriesComplete>
    <ns2:doseNumberCalculationBasedOnDiseasesTargetedByVaccinesAdministered>false</ns2:doseNumberCalculationBasedOnDiseasesTargetedByVaccinesAdministered>    
    <ns2:doseInterval>
        <ns2:fromDoseNumber>1</ns2:fromDoseNumber>
        <ns2:toDoseNumber>2</ns2:toDoseNumber>
        <ns2:absoluteMinimumInterval>24d</ns2:absoluteMinimumInterval>
        <ns2:minimumInterval>28d</ns2:minimumInterval>
        <ns2:earliestRecommendedInterval>28d</ns2:earliestRecommendedInterval>
    </ns2:doseInterval>
    <ns2:doseInterval>
        <ns2:fromDoseNumber>2</ns2:fromDoseNumber>
        <ns2:toDoseNumber>3</ns2:toDoseNumber>
        <ns2:absoluteMinimumInterval>24d</ns2:absoluteMinimumInterval>
        <ns2:minimumInterval>28d</ns2:minimumInterval>
        <ns2:earliestRecommendedInterval>28d</ns2:earliestRecommendedInterval>
    </ns2:doseInterval>
    <ns2:doseInterval>
        <ns2:fromDoseNumber>3</ns2:fromDoseNumber>
        <ns2:toDoseNumber>4</ns2:toDoseNumber>
        <ns2:absoluteMinimumInterval>4m</ns2:absoluteMinimumInterval>
        <ns2:minimumInterval>6m</ns2:minimumInterval>
        <ns2:earliestRecommendedInterval>6m</ns2:earliestRecommendedInterval>
    </ns2:doseInterval>
    <ns2:doseInterval>
        <ns2:fromDoseNumber>4</ns2:fromDoseNumber>
        <ns2:toDoseNumber>5</ns2:toDoseNumber>
        <ns2:absoluteMinimumInterval>6m-4d</ns2:absoluteMinimumInterval>
        <ns2:minimumInterval>6m</ns2:minimumInterval>
        <ns2:earliestRecommendedInterval>6m</ns2:earliestRecommendedInterval>
    </ns2:doseInterval>    
    <ns2:numberOfDosesInSeries>5</ns2:numberOfDosesInSeries>
    <ns2:vaccineGroup code="200" codeSystem="2.16.840.1.113883.3.795.12.100.1" codeSystemName="ICE ns2:vaccine Group" displayName="DTP"/>
    <ns2:iceSeriesDose>
        <ns2:doseNumber>1</ns2:doseNumber>
        <ns2:absoluteMinimumAge>38d</ns2:absoluteMinimumAge>
        <ns2:minimumAge>42d</ns2:minimumAge>
        <ns2:earliestRecommendedAge>2m</ns2:earliestRecommendedAge>
        <ns2:doseVaccine>
            <ns2:preferred>true</ns2:preferred>
            <ns2:vaccine code="01" codeSystem="2.16.840.1.113883.12.292" codeSystemName="CVX" displayName="DTP"/>
        </ns2:doseVaccine>
        <ns2:doseVaccine>
            <ns2:preferred>true</ns2:preferred>
            <ns2:vaccine code="20" codeSystem="2.16.840.1.113883.12.292" codeSystemName="CVX" displayName="DTaP"/>
        </ns2:doseVaccine>
        <ns2:doseVaccine>
            <ns2:preferred>true</ns2:preferred>
            <ns2:vaccine code="106" codeSystem="2.16.840.1.113883.12.292" codeSystemName="CVX" displayName="DTaP, 5 pertussis antigens"/>
        </ns2:doseVaccine>
        <ns2:doseVaccine>
            <ns2:preferred>true</ns2:preferred>
            <ns2:vaccine code="107" codeSystem="2.16.840.1.113883.12.292" codeSystemName="CVX" displayName="DTaP, unspecified formulation"/>
        </ns2:doseVaccine>
        <ns2:doseVaccine>
            <ns2:preferred>true</ns2:preferred>
            <ns2:vaccine code="22" codeSystem="2.16.840.1.113883.12.292" codeSystemName="CVX" displayName="DTP-Hib (Tetramune; OmniHib-DTP)"/>
        </ns2:doseVaccine>       
        <ns2:doseVaccine>
            <ns2:preferred>true</ns2:preferred>
            <ns2:vaccine code="50" codeSystem="2.16.840.1.113883.12.292" codeSystemName="CVX" displayName="DTaP-Hib (TriHiBit)"/>
        </ns2:doseVaccine>  
        <ns2:doseVaccine>
            <ns2:preferred>true</ns2:preferred>
            <ns2:vaccine code="102" codeSystem="2.16.840.1.113883.12.292" codeSystemName="CVX" displayName="DTP-Hib-HepB"/>
        </ns2:doseVaccine> 
        <ns2:doseVaccine>
            <ns2:preferred>true</ns2:preferred>
            <ns2:vaccine code="110" codeSystem="2.16.840.1.113883.12.292" codeSystemName="CVX" displayName="DTaP-HepB-IPV (Pediarix)"/>
        </ns2:doseVaccine>    
		<ns2:doseVaccine>
            <ns2:preferred>true</ns2:preferred>
            <ns2:vaccine code="120" codeSystem="2.16.840.1.113883.12.292" codeSystemName="CVX" displayName="DTaP-Hib (PRP-T)-IPV"/>
        </ns2:doseVaccine>  
		<ns2:doseVaccine>
            <ns2:preferred>true</ns2:preferred>
            <ns2:vaccine code="130" codeSystem="2.16.840.1.113883.12.292" codeSystemName="CVX" displayName="DTaP-IPV"/>
        </ns2:doseVaccine>  
		<ns2:doseVaccine>
            <ns2:preferred>true</ns2:preferred>
            <ns2:vaccine code="132" codeSystem="2.16.840.1.113883.12.292" codeSystemName="CVX" displayName="DTaP-IPV-Hib-HepB, historical"/>
        </ns2:doseVaccine>  
		<ns2:doseVaccine>
            <ns2:preferred>true</ns2:preferred>
            <ns2:vaccine code="146" codeSystem="2.16.840.1.113883.12.292" codeSystemName="CVX" displayName="DTaP-IPV-Hib-HepB"/>
        </ns2:doseVaccine>  
		<ns2:doseVaccine>
            <ns2:preferred>false</ns2:preferred>
            <ns2:vaccine code="115" codeSystem="2.16.840.1.113883.12.292" codeSystemName="CVX" displayName="Tdap"/>
        </ns2:doseVaccine>
		<ns2:doseVaccine>
            <ns2:preferred>false</ns2:preferred>
            <ns2:vaccine code="28" codeSystem="2.16.840.1.113883.12.292" codeSystemName="CVX" displayName="DT"/>
        </ns2:doseVaccine>
		<ns2:doseVaccine>
            <ns2:preferred>false</ns2:preferred>
            <ns2:vaccine code="09" codeSystem="2.16.840.1.113883.12.292" codeSystemName="CVX" displayName="Td"/>
        </ns2:doseVaccine>
		<ns2:doseVaccine>
            <ns2:preferred>false</ns2:preferred>
            <ns2:vaccine code="138" codeSystem="2.16.840.1.113883.12.292" codeSystemName="CVX" displayName="Td (adult not absorbed)"/>
        </ns2:doseVaccine>
        <ns2:doseVaccine>
            <ns2:preferred>false</ns2:preferred>
            <ns2:vaccine code="139" codeSystem="2.16.840.1.113883.12.292" codeSystemName="CVX" displayName="Td (adult) NOS"/>
        </ns2:doseVaccine>
		<ns2:doseVaccine>
            <ns2:preferred>false</ns2:preferred>
            <ns2:vaccine code="113" codeSystem="2.16.840.1.113883.12.292" codeSystemName="CVX" displayName="Td (adult) preservative free"/>
        </ns2:doseVaccine>
    </ns2:iceSeriesDose>    
    <ns2:iceSeriesDose>
        <ns2:doseNumber>2</ns2:doseNumber>
        <ns2:absoluteMinimumAge>66d</ns2:absoluteMinimumAge>
        <ns2:minimumAge>70d</ns2:minimumAge>
        <ns2:earliestRecommendedAge>4m</ns2:earliestRecommendedAge>        
        <ns2:doseVaccine>
            <ns2:preferred>true</ns2:preferred>
            <ns2:vaccine code="01" codeSystem="2.16.840.1.113883.12.292" codeSystemName="CVX" displayName="DTP"/>
        </ns2:doseVaccine>
        <ns2:doseVaccine>
            <ns2:preferred>true</ns2:preferred>
            <ns2:vaccine code="20" codeSystem="2.16.840.1.113883.12.292" codeSystemName="CVX" displayName="DTaP"/>
        </ns2:doseVaccine>
        <ns2:doseVaccine>
            <ns2:preferred>true</ns2:preferred>
            <ns2:vaccine code="106" codeSystem="2.16.840.1.113883.12.292" codeSystemName="CVX" displayName="DTaP, 5 pertussis antigens"/>
        </ns2:doseVaccine>
        <ns2:doseVaccine>
            <ns2:preferred>true</ns2:preferred>
            <ns2:vaccine code="107" codeSystem="2.16.840.1.113883.12.292" codeSystemName="CVX" displayName="DTaP, unspecified formulation"/>
        </ns2:doseVaccine>
        <ns2:doseVaccine>
            <ns2:preferred>true</ns2:preferred>
            <ns2:vaccine code="22" codeSystem="2.16.840.1.113883.12.292" codeSystemName="CVX" displayName="DTP-Hib (Tetramune; OmniHib-DTP)"/>
        </ns2:doseVaccine>       
        <ns2:doseVaccine>
            <ns2:preferred>true</ns2:preferred>
            <ns2:vaccine code="50" codeSystem="2.16.840.1.113883.12.292" codeSystemName="CVX" displayName="DTaP-Hib (TriHiBit)"/>
        </ns2:doseVaccine>  
        <ns2:doseVaccine>
            <ns2:preferred>true</ns2:preferred>
            <ns2:vaccine code="102" codeSystem="2.16.840.1.113883.12.292" codeSystemName="CVX" displayName="DTP-Hib-HepB"/>
        </ns2:doseVaccine> 
        <ns2:doseVaccine>
            <ns2:preferred>true</ns2:preferred>
            <ns2:vaccine code="110" codeSystem="2.16.840.1.113883.12.292" codeSystemName="CVX" displayName="DTaP-HepB-IPV (Pediarix)"/>
        </ns2:doseVaccine>    
		<ns2:doseVaccine>
            <ns2:preferred>true</ns2:preferred>
            <ns2:vaccine code="120" codeSystem="2.16.840.1.113883.12.292" codeSystemName="CVX" displayName="DTaP-Hib (PRP-T)-IPV"/>
        </ns2:doseVaccine>  
		<ns2:doseVaccine>
            <ns2:preferred>true</ns2:preferred>
            <ns2:vaccine code="130" codeSystem="2.16.840.1.113883.12.292" codeSystemName="CVX" displayName="DTaP-IPV"/>
        </ns2:doseVaccine>  
		<ns2:doseVaccine>
            <ns2:preferred>true</ns2:preferred>
            <ns2:vaccine code="132" codeSystem="2.16.840.1.113883.12.292" codeSystemName="CVX" displayName="DTaP-IPV-Hib-HepB, historical"/>
        </ns2:doseVaccine>  
		<ns2:doseVaccine>
            <ns2:preferred>true</ns2:preferred>
            <ns2:vaccine code="146" codeSystem="2.16.840.1.113883.12.292" codeSystemName="CVX" displayName="DTaP-IPV-Hib-HepB"/>
        </ns2:doseVaccine>
		<ns2:doseVaccine>
            <ns2:preferred>false</ns2:preferred>
            <ns2:vaccine code="115" codeSystem="2.16.840.1.113883.12.292" codeSystemName="CVX" displayName="Tdap"/>
        </ns2:doseVaccine>
		<ns2:doseVaccine>
            <ns2:preferred>false</ns2:preferred>
            <ns2:vaccine code="28" codeSystem="2.16.840.1.113883.12.292" codeSystemName="CVX" displayName="DT"/>
        </ns2:doseVaccine>
		<ns2:doseVaccine>
            <ns2:preferred>false</ns2:preferred>
            <ns2:vaccine code="09" codeSystem="2.16.840.1.113883.12.292" codeSystemName="CVX" displayName="Td"/>
        </ns2:doseVaccine>
		<ns2:doseVaccine>
            <ns2:preferred>false</ns2:preferred>
            <ns2:vaccine code="138" codeSystem="2.16.840.1.113883.12.292" codeSystemName="CVX" displayName="Td (adult not absorbed)"/>
        </ns2:doseVaccine>
        <ns2:doseVaccine>
            <ns2:preferred>false</ns2:preferred>
            <ns2:vaccine code="139" codeSystem="2.16.840.1.113883.12.292" codeSystemName="CVX" displayName="Td (adult) NOS"/>
        </ns2:doseVaccine>
		<ns2:doseVaccine>
            <ns2:preferred>false</ns2:preferred>
            <ns2:vaccine code="113" codeSystem="2.16.840.1.113883.12.292" codeSystemName="CVX" displayName="Td (adult) preservative free"/>
        </ns2:doseVaccine>        
    </ns2:iceSeriesDose>
    <ns2:iceSeriesDose>
        <ns2:doseNumber>3</ns2:doseNumber>
        <ns2:absoluteMinimumAge>94d</ns2:absoluteMinimumAge>
        <ns2:minimumAge>98d</ns2:minimumAge>
        <ns2:earliestRecommendedAge>6m</ns2:earliestRecommendedAge>        
        <ns2:doseVaccine>
            <ns2:preferred>true</ns2:preferred>
            <ns2:vaccine code="01" codeSystem="2.16.840.1.113883.12.292" codeSystemName="CVX" displayName="DTP"/>
        </ns2:doseVaccine>
        <ns2:doseVaccine>
            <ns2:preferred>true</ns2:preferred>
            <ns2:vaccine code="20" codeSystem="2.16.840.1.113883.12.292" codeSystemName="CVX" displayName="DTaP"/>
        </ns2:doseVaccine>
        <ns2:doseVaccine>
            <ns2:preferred>true</ns2:preferred>
            <ns2:vaccine code="106" codeSystem="2.16.840.1.113883.12.292" codeSystemName="CVX" displayName="DTaP, 5 pertussis antigens"/>
        </ns2:doseVaccine>
        <ns2:doseVaccine>
            <ns2:preferred>true</ns2:preferred>
            <ns2:vaccine code="107" codeSystem="2.16.840.1.113883.12.292" codeSystemName="CVX" displayName="DTaP, unspecified formulation"/>
        </ns2:doseVaccine>
        <ns2:doseVaccine>
            <ns2:preferred>true</ns2:preferred>
            <ns2:vaccine code="22" codeSystem="2.16.840.1.113883.12.292" codeSystemName="CVX" displayName="DTP-Hib (Tetramune; OmniHib-DTP)"/>
        </ns2:doseVaccine>       
        <ns2:doseVaccine>
            <ns2:preferred>true</ns2:preferred>
            <ns2:vaccine code="50" codeSystem="2.16.840.1.113883.12.292" codeSystemName="CVX" displayName="DTaP-Hib (TriHiBit)"/>
        </ns2:doseVaccine>  
        <ns2:doseVaccine>
            <ns2:preferred>true</ns2:preferred>
            <ns2:vaccine code="102" codeSystem="2.16.840.1.113883.12.292" codeSystemName="CVX" displayName="DTP-Hib-HepB"/>
        </ns2:doseVaccine> 
        <ns2:doseVaccine>
            <ns2:preferred>true</ns2:preferred>
            <ns2:vaccine code="110" codeSystem="2.16.840.1.113883.12.292" codeSystemName="CVX" displayName="DTaP-HepB-IPV (Pediarix)"/>
        </ns2:doseVaccine>    
		<ns2:doseVaccine>
            <ns2:preferred>true</ns2:preferred>
            <ns2:vaccine code="120" codeSystem="2.16.840.1.113883.12.292" codeSystemName="CVX" displayName="DTaP-Hib (PRP-T)-IPV"/>
        </ns2:doseVaccine>  
		<ns2:doseVaccine>
            <ns2:preferred>true</ns2:preferred>
            <ns2:vaccine code="130" codeSystem="2.16.840.1.113883.12.292" codeSystemName="CVX" displayName="DTaP-IPV"/>
        </ns2:doseVaccine>  
		<ns2:doseVaccine>
            <ns2:preferred>true</ns2:preferred>
            <ns2:vaccine code="132" codeSystem="2.16.840.1.113883.12.292" codeSystemName="CVX" displayName="DTaP-IPV-Hib-HepB, historical"/>
        </ns2:doseVaccine>  
		<ns2:doseVaccine>
            <ns2:preferred>true</ns2:preferred>
            <ns2:vaccine code="146" codeSystem="2.16.840.1.113883.12.292" codeSystemName="CVX" displayName="DTaP-IPV-Hib-HepB"/>
        </ns2:doseVaccine>
		<ns2:doseVaccine>
            <ns2:preferred>false</ns2:preferred>
            <ns2:vaccine code="115" codeSystem="2.16.840.1.113883.12.292" codeSystemName="CVX" displayName="Tdap"/>
        </ns2:doseVaccine>
		<ns2:doseVaccine>
            <ns2:preferred>false</ns2:preferred>
            <ns2:vaccine code="28" codeSystem="2.16.840.1.113883.12.292" codeSystemName="CVX" displayName="DT"/>
        </ns2:doseVaccine>
		<ns2:doseVaccine>
            <ns2:preferred>false</ns2:preferred>
            <ns2:vaccine code="09" codeSystem="2.16.840.1.113883.12.292" codeSystemName="CVX" displayName="Td"/>
        </ns2:doseVaccine>
		<ns2:doseVaccine>
            <ns2:preferred>false</ns2:preferred>
            <ns2:vaccine code="138" codeSystem="2.16.840.1.113883.12.292" codeSystemName="CVX" displayName="Td (adult not absorbed)"/>
        </ns2:doseVaccine>
        <ns2:doseVaccine>
            <ns2:preferred>false</ns2:preferred>
            <ns2:vaccine code="139" codeSystem="2.16.840.1.113883.12.292" codeSystemName="CVX" displayName="Td (adult) NOS"/>
        </ns2:doseVaccine>
		<ns2:doseVaccine>
            <ns2:preferred>false</ns2:preferred>
            <ns2:vaccine code="113" codeSystem="2.16.840.1.113883.12.292" codeSystemName="CVX" displayName="Td (adult) preservative free"/>
        </ns2:doseVaccine>        
    </ns2:iceSeriesDose>    
    <ns2:iceSeriesDose>
        <ns2:doseNumber>4</ns2:doseNumber>
        <ns2:absoluteMinimumAge>361d</ns2:absoluteMinimumAge>
        <ns2:minimumAge>365d</ns2:minimumAge>
        <ns2:earliestRecommendedAge>15m</ns2:earliestRecommendedAge>        
        <ns2:doseVaccine>
            <ns2:preferred>true</ns2:preferred>
            <ns2:vaccine code="01" codeSystem="2.16.840.1.113883.12.292" codeSystemName="CVX" displayName="DTP"/>
        </ns2:doseVaccine>
        <ns2:doseVaccine>
            <ns2:preferred>true</ns2:preferred>
            <ns2:vaccine code="20" codeSystem="2.16.840.1.113883.12.292" codeSystemName="CVX" displayName="DTaP"/>
        </ns2:doseVaccine>
        <ns2:doseVaccine>
            <ns2:preferred>true</ns2:preferred>
            <ns2:vaccine code="106" codeSystem="2.16.840.1.113883.12.292" codeSystemName="CVX" displayName="DTaP, 5 pertussis antigens"/>
        </ns2:doseVaccine>
        <ns2:doseVaccine>
            <ns2:preferred>true</ns2:preferred>
            <ns2:vaccine code="107" codeSystem="2.16.840.1.113883.12.292" codeSystemName="CVX" displayName="DTaP, unspecified formulation"/>
        </ns2:doseVaccine>
        <ns2:doseVaccine>
            <ns2:preferred>true</ns2:preferred>
            <ns2:vaccine code="22" codeSystem="2.16.840.1.113883.12.292" codeSystemName="CVX" displayName="DTP-Hib (Tetramune; OmniHib-DTP)"/>
        </ns2:doseVaccine>       
        <ns2:doseVaccine>
            <ns2:preferred>true</ns2:preferred>
            <ns2:vaccine code="50" codeSystem="2.16.840.1.113883.12.292" codeSystemName="CVX" displayName="DTaP-Hib (TriHiBit)"/>
        </ns2:doseVaccine>  
        <ns2:doseVaccine>
            <ns2:preferred>true</ns2:preferred>
            <ns2:vaccine code="102" codeSystem="2.16.840.1.113883.12.292" codeSystemName="CVX" displayName="DTP-Hib-HepB"/>
        </ns2:doseVaccine> 
        <ns2:doseVaccine>
            <ns2:preferred>true</ns2:preferred>
            <ns2:vaccine code="110" codeSystem="2.16.840.1.113883.12.292" codeSystemName="CVX" displayName="DTaP-HepB-IPV (Pediarix)"/>
        </ns2:doseVaccine>    
		<ns2:doseVaccine>
            <ns2:preferred>true</ns2:preferred>
            <ns2:vaccine code="120" codeSystem="2.16.840.1.113883.12.292" codeSystemName="CVX" displayName="DTaP-Hib (PRP-T)-IPV"/>
        </ns2:doseVaccine>  
		<ns2:doseVaccine>
            <ns2:preferred>true</ns2:preferred>
            <ns2:vaccine code="130" codeSystem="2.16.840.1.113883.12.292" codeSystemName="CVX" displayName="DTaP-IPV"/>
        </ns2:doseVaccine>  
		<ns2:doseVaccine>
            <ns2:preferred>true</ns2:preferred>
            <ns2:vaccine code="132" codeSystem="2.16.840.1.113883.12.292" codeSystemName="CVX" displayName="DTaP-IPV-Hib-HepB, historical"/>
        </ns2:doseVaccine>  
		<ns2:doseVaccine>
            <ns2:preferred>true</ns2:preferred>
            <ns2:vaccine code="146" codeSystem="2.16.840.1.113883.12.292" codeSystemName="CVX" displayName="DTaP-IPV-Hib-HepB"/>
        </ns2:doseVaccine>
		<ns2:doseVaccine>
            <ns2:preferred>false</ns2:preferred>
            <ns2:vaccine code="115" codeSystem="2.16.840.1.113883.12.292" codeSystemName="CVX" displayName="Tdap"/>
        </ns2:doseVaccine>
		<ns2:doseVaccine>
            <ns2:preferred>false</ns2:preferred>
            <ns2:vaccine code="28" codeSystem="2.16.840.1.113883.12.292" codeSystemName="CVX" displayName="DT"/>
        </ns2:doseVaccine>
		<ns2:doseVaccine>
            <ns2:preferred>false</ns2:preferred>
            <ns2:vaccine code="09" codeSystem="2.16.840.1.113883.12.292" codeSystemName="CVX" displayName="Td"/>
        </ns2:doseVaccine>
		<ns2:doseVaccine>
            <ns2:preferred>false</ns2:preferred>
            <ns2:vaccine code="138" codeSystem="2.16.840.1.113883.12.292" codeSystemName="CVX" displayName="Td (adult not absorbed)"/>
        </ns2:doseVaccine>
        <ns2:doseVaccine>
            <ns2:preferred>false</ns2:preferred>
            <ns2:vaccine code="139" codeSystem="2.16.840.1.113883.12.292" codeSystemName="CVX" displayName="Td (adult) NOS"/>
        </ns2:doseVaccine>
		<ns2:doseVaccine>
            <ns2:preferred>false</ns2:preferred>
            <ns2:vaccine code="113" codeSystem="2.16.840.1.113883.12.292" codeSystemName="CVX" displayName="Td (adult) preservative free"/>
        </ns2:doseVaccine>        
    </ns2:iceSeriesDose>
    <ns2:iceSeriesDose>
        <ns2:doseNumber>5</ns2:doseNumber>
        <ns2:absoluteMinimumAge>4y-4d</ns2:absoluteMinimumAge>
        <ns2:minimumAge>4y</ns2:minimumAge>
        <ns2:earliestRecommendedAge>4y</ns2:earliestRecommendedAge>        
        <ns2:doseVaccine>
            <ns2:preferred>true</ns2:preferred>
            <ns2:vaccine code="01" codeSystem="2.16.840.1.113883.12.292" codeSystemName="CVX" displayName="DTP"/>
        </ns2:doseVaccine>
        <ns2:doseVaccine>
            <ns2:preferred>true</ns2:preferred>
            <ns2:vaccine code="20" codeSystem="2.16.840.1.113883.12.292" codeSystemName="CVX" displayName="DTaP"/>
        </ns2:doseVaccine>
        <ns2:doseVaccine>
            <ns2:preferred>true</ns2:preferred>
            <ns2:vaccine code="106" codeSystem="2.16.840.1.113883.12.292" codeSystemName="CVX" displayName="DTaP, 5 pertussis antigens"/>
        </ns2:doseVaccine>
        <ns2:doseVaccine>
            <ns2:preferred>true</ns2:preferred>
            <ns2:vaccine code="107" codeSystem="2.16.840.1.113883.12.292" codeSystemName="CVX" displayName="DTaP, unspecified formulation"/>
        </ns2:doseVaccine>
        <ns2:doseVaccine>
            <ns2:preferred>true</ns2:preferred>
            <ns2:vaccine code="22" codeSystem="2.16.840.1.113883.12.292" codeSystemName="CVX" displayName="DTP-Hib (Tetramune; OmniHib-DTP)"/>
        </ns2:doseVaccine>       
        <ns2:doseVaccine>
            <ns2:preferred>true</ns2:preferred>
            <ns2:vaccine code="50" codeSystem="2.16.840.1.113883.12.292" codeSystemName="CVX" displayName="DTaP-Hib (TriHiBit)"/>
        </ns2:doseVaccine>  
        <ns2:doseVaccine>
            <ns2:preferred>true</ns2:preferred>
            <ns2:vaccine code="102" codeSystem="2.16.840.1.113883.12.292" codeSystemName="CVX" displayName="DTP-Hib-HepB"/>
        </ns2:doseVaccine> 
        <ns2:doseVaccine>
            <ns2:preferred>true</ns2:preferred>
            <ns2:vaccine code="110" codeSystem="2.16.840.1.113883.12.292" codeSystemName="CVX" displayName="DTaP-HepB-IPV (Pediarix)"/>
        </ns2:doseVaccine>    
		<ns2:doseVaccine>
            <ns2:preferred>true</ns2:preferred>
            <ns2:vaccine code="120" codeSystem="2.16.840.1.113883.12.292" codeSystemName="CVX" displayName="DTaP-Hib (PRP-T)-IPV"/>
        </ns2:doseVaccine>  
		<ns2:doseVaccine>
            <ns2:preferred>true</ns2:preferred>
            <ns2:vaccine code="130" codeSystem="2.16.840.1.113883.12.292" codeSystemName="CVX" displayName="DTaP-IPV"/>
        </ns2:doseVaccine>  
		<ns2:doseVaccine>
            <ns2:preferred>true</ns2:preferred>
            <ns2:vaccine code="132" codeSystem="2.16.840.1.113883.12.292" codeSystemName="CVX" displayName="DTaP-IPV-Hib-HepB, historical"/>
        </ns2:doseVaccine>  
		<ns2:doseVaccine>
            <ns2:preferred>true</ns2:preferred>
            <ns2:vaccine code="146" codeSystem="2.16.840.1.113883.12.292" codeSystemName="CVX" displayName="DTaP-IPV-Hib-HepB"/>
        </ns2:doseVaccine>
		<ns2:doseVaccine>
            <ns2:preferred>false</ns2:preferred>
            <ns2:vaccine code="115" codeSystem="2.16.840.1.113883.12.292" codeSystemName="CVX" displayName="Tdap"/>
        </ns2:doseVaccine>
		<ns2:doseVaccine>
            <ns2:preferred>false</ns2:preferred>
            <ns2:vaccine code="28" codeSystem="2.16.840.1.113883.12.292" codeSystemName="CVX" displayName="DT"/>
        </ns2:doseVaccine>
		<ns2:doseVaccine>
            <ns2:preferred>false</ns2:preferred>
            <ns2:vaccine code="09" codeSystem="2.16.840.1.113883.12.292" codeSystemName="CVX" displayName="Td"/>
        </ns2:doseVaccine>
		<ns2:doseVaccine>
            <ns2:preferred>false</ns2:preferred>
            <ns2:vaccine code="138" codeSystem="2.16.840.1.113883.12.292" codeSystemName="CVX" displayName="Td (adult not absorbed)"/>
        </ns2:doseVaccine>
        <ns2:doseVaccine>
            <ns2:preferred>false</ns2:preferred>
            <ns2:vaccine code="139" codeSystem="2.16.840.1.113883.12.292" codeSystemName="CVX" displayName="Td (adult) NOS"/>
        </ns2:doseVaccine>
		<ns2:doseVaccine>
            <ns2:preferred>false</ns2:preferred>
            <ns2:vaccine code="113" codeSystem="2.16.840.1.113883.12.292" codeSystemName="CVX" displayName="Td (adult) preservative free"/>
        </ns2:doseVaccine>        
    </ns2:iceSeriesDose>        
</ns2:iceSeriesSpecificationFile>
