<?xml version="1.0" encoding="UTF-8" standalone="yes"?>
<ns2:iceSeriesSpecificationFile xmlns:ns2="org.cdsframework.util.support.data.ice.series">
    <ns2:seriesId>529cfa2cca9b51278537b45ce8d335a8</ns2:seriesId>
    <ns2:name>HepA Adult 3-Dose Series</ns2:name>
    <ns2:code>HepAAdult3DoseSeries</ns2:code>
    <ns2:cdsVersion>org.nyc.cir^ICE^1.0.0</ns2:cdsVersion>
    <ns2:doseInterval>
        <ns2:fromDoseNumber>1</ns2:fromDoseNumber>
        <ns2:toDoseNumber>2</ns2:toDoseNumber>
        <ns2:absoluteMinimumInterval>24d</ns2:absoluteMinimumInterval>
        <ns2:minimumInterval>28d</ns2:minimumInterval>
        <ns2:earliestRecommendedInterval>28d</ns2:earliestRecommendedInterval>
    </ns2:doseInterval>
    <ns2:doseInterval>
        <ns2:fromDoseNumber>2</ns2:fromDoseNumber>
        <ns2:toDoseNumber>3</ns2:toDoseNumber>
        <ns2:absoluteMinimumInterval>5m-4d</ns2:absoluteMinimumInterval>
        <ns2:minimumInterval>5m</ns2:minimumInterval>
        <ns2:earliestRecommendedInterval>5m</ns2:earliestRecommendedInterval>
    </ns2:doseInterval>
    <ns2:numberOfDosesInSeries>3</ns2:numberOfDosesInSeries>
    <ns2:vaccineGroup code="810" codeSystem="2.16.840.1.113883.3.795.12.100.1" codeSystemName="ICE Vaccine Group" displayName="HepA"/>
    <ns2:iceSeriesDose>
        <ns2:doseNumber>1</ns2:doseNumber>
        <ns2:absoluteMinimumAge>19y</ns2:absoluteMinimumAge>
        <ns2:minimumAge>19y</ns2:minimumAge>
        <ns2:doseVaccine>
            <ns2:preferred>true</ns2:preferred>
            <ns2:vaccine code="31" codeSystem="2.16.840.1.113883.12.292" codeSystemName="CVX" displayName="Hep A, pediatric, NOS"/>
        </ns2:doseVaccine>
        <ns2:doseVaccine>
            <ns2:preferred>true</ns2:preferred>
            <ns2:vaccine code="52" codeSystem="2.16.840.1.113883.12.292" codeSystemName="CVX" displayName="Hep A, adult"/>
        </ns2:doseVaccine>
        <ns2:doseVaccine>
            <ns2:preferred>true</ns2:preferred>
            <ns2:vaccine code="83" codeSystem="2.16.840.1.113883.12.292" codeSystemName="CVX" displayName="Hep A, ped/adol, 2-dose"/>
        </ns2:doseVaccine>
        <ns2:doseVaccine>
            <ns2:preferred>true</ns2:preferred>
            <ns2:vaccine code="84" codeSystem="2.16.840.1.113883.12.292" codeSystemName="CVX" displayName="Hep A, ped/adol, 3-dose"/>
        </ns2:doseVaccine>
        <ns2:doseVaccine>
            <ns2:preferred>true</ns2:preferred>
            <ns2:vaccine code="85" codeSystem="2.16.840.1.113883.12.292" codeSystemName="CVX" displayName="Hep A NOS"/>
        </ns2:doseVaccine>
        <ns2:doseVaccine>
            <ns2:preferred>true</ns2:preferred>
            <ns2:vaccine code="104" codeSystem="2.16.840.1.113883.12.292" codeSystemName="CVX" displayName="Hep A-Hep B"/>
        </ns2:doseVaccine>
    </ns2:iceSeriesDose>
    <ns2:iceSeriesDose>
        <ns2:doseNumber>2</ns2:doseNumber>
        <ns2:doseVaccine>
            <ns2:preferred>true</ns2:preferred>
            <ns2:vaccine code="31" codeSystem="2.16.840.1.113883.12.292" codeSystemName="CVX" displayName="Hep A, pediatric, NOS"/>
        </ns2:doseVaccine>
        <ns2:doseVaccine>
            <ns2:preferred>true</ns2:preferred>
            <ns2:vaccine code="52" codeSystem="2.16.840.1.113883.12.292" codeSystemName="CVX" displayName="Hep A, adult"/>
        </ns2:doseVaccine>
        <ns2:doseVaccine>
            <ns2:preferred>true</ns2:preferred>
            <ns2:vaccine code="83" codeSystem="2.16.840.1.113883.12.292" codeSystemName="CVX" displayName="Hep A, ped/adol, 2-dose"/>
        </ns2:doseVaccine>
        <ns2:doseVaccine>
            <ns2:preferred>true</ns2:preferred>
            <ns2:vaccine code="84" codeSystem="2.16.840.1.113883.12.292" codeSystemName="CVX" displayName="Hep A, ped/adol, 3-dose"/>
        </ns2:doseVaccine>
        <ns2:doseVaccine>
            <ns2:preferred>true</ns2:preferred>
            <ns2:vaccine code="85" codeSystem="2.16.840.1.113883.12.292" codeSystemName="CVX" displayName="Hep A NOS"/>
        </ns2:doseVaccine>
        <ns2:doseVaccine>
            <ns2:preferred>true</ns2:preferred>
            <ns2:vaccine code="104" codeSystem="2.16.840.1.113883.12.292" codeSystemName="CVX" displayName="Hep A-Hep B"/>
        </ns2:doseVaccine>
    </ns2:iceSeriesDose>
    <ns2:iceSeriesDose>
        <ns2:doseNumber>3</ns2:doseNumber>
        <ns2:doseVaccine>
            <ns2:preferred>true</ns2:preferred>
            <ns2:vaccine code="31" codeSystem="2.16.840.1.113883.12.292" codeSystemName="CVX" displayName="Hep A, pediatric, NOS"/>
        </ns2:doseVaccine>
        <ns2:doseVaccine>
            <ns2:preferred>true</ns2:preferred>
            <ns2:vaccine code="52" codeSystem="2.16.840.1.113883.12.292" codeSystemName="CVX" displayName="Hep A, adult"/>
        </ns2:doseVaccine>
        <ns2:doseVaccine>
            <ns2:preferred>true</ns2:preferred>
            <ns2:vaccine code="83" codeSystem="2.16.840.1.113883.12.292" codeSystemName="CVX" displayName="Hep A, ped/adol, 2-dose"/>
        </ns2:doseVaccine>
        <ns2:doseVaccine>
            <ns2:preferred>true</ns2:preferred>
            <ns2:vaccine code="84" codeSystem="2.16.840.1.113883.12.292" codeSystemName="CVX" displayName="Hep A, ped/adol, 3-dose"/>
        </ns2:doseVaccine>
        <ns2:doseVaccine>
            <ns2:preferred>true</ns2:preferred>
            <ns2:vaccine code="85" codeSystem="2.16.840.1.113883.12.292" codeSystemName="CVX" displayName="Hep A NOS"/>
        </ns2:doseVaccine>
        <ns2:doseVaccine>
            <ns2:preferred>true</ns2:preferred>
            <ns2:vaccine code="104" codeSystem="2.16.840.1.113883.12.292" codeSystemName="CVX" displayName="Hep A-Hep B"/>
        </ns2:doseVaccine>
    </ns2:iceSeriesDose>
</ns2:iceSeriesSpecificationFile>
