<?xml version="1.0" encoding="UTF-8" standalone="yes"?>
<!-- HepB Child/Adult Series -->
<ns2:iceSeriesSpecificationFile xmlns:ns2="org.cdsframework.util.support.data.ice.series">
    <ns2:seriesId>928c115e9665b553885e27371966096e</ns2:seriesId>
    <ns2:name>HepB Child/Adult Series</ns2:name>
    <ns2:code>HepBChildAdultSeries</ns2:code>
    <ns2:cdsVersion>org.nyc.cir^ICE^1.0.0</ns2:cdsVersion>
    <ns2:doseInterval>
        <ns2:fromDoseNumber>1</ns2:fromDoseNumber>
        <ns2:toDoseNumber>2</ns2:toDoseNumber>
        <ns2:absoluteMinimumInterval>24d</ns2:absoluteMinimumInterval>
        <ns2:minimumInterval>28d</ns2:minimumInterval>
        <ns2:earliestRecommendedInterval>28d</ns2:earliestRecommendedInterval>
    </ns2:doseInterval>
    <ns2:doseInterval>
        <ns2:fromDoseNumber>2</ns2:fromDoseNumber>
        <ns2:toDoseNumber>3</ns2:toDoseNumber>
        <ns2:absoluteMinimumInterval>52d</ns2:absoluteMinimumInterval>
        <ns2:minimumInterval>56d</ns2:minimumInterval>
        <ns2:earliestRecommendedInterval>56d</ns2:earliestRecommendedInterval>
    </ns2:doseInterval>
    <ns2:numberOfDosesInSeries>3</ns2:numberOfDosesInSeries>
    <ns2:vaccineGroup code="100" codeSystem="2.16.840.1.113883.3.795.12.100.1" codeSystemName="ICE Vaccine Group" displayName="HepB"/>
    <ns2:iceSeriesDose>
        <ns2:doseNumber>1</ns2:doseNumber>
        <ns2:absoluteMinimumAge>28d</ns2:absoluteMinimumAge>
        <ns2:minimumAge>28d</ns2:minimumAge>
        <ns2:earliestRecommendedAge>2m</ns2:earliestRecommendedAge>
        <ns2:doseVaccine>
            <ns2:preferred>false</ns2:preferred>
            <ns2:vaccine code="102" codeSystem="2.16.840.1.113883.12.292" codeSystemName="CVX" displayName="DTP-Hib-Hep B"/>
        </ns2:doseVaccine>
        <ns2:doseVaccine>
            <ns2:preferred>true</ns2:preferred>
            <ns2:vaccine code="44" codeSystem="2.16.840.1.113883.12.292" codeSystemName="CVX" displayName="Hep B, dialysis"/>
        </ns2:doseVaccine>
        <ns2:doseVaccine>
            <ns2:preferred>true</ns2:preferred>
            <ns2:vaccine code="43" codeSystem="2.16.840.1.113883.12.292" codeSystemName="CVX" displayName="Hep B, adult"/>
        </ns2:doseVaccine>
        <ns2:doseVaccine>
            <ns2:preferred>true</ns2:preferred>
            <ns2:vaccine code="45" codeSystem="2.16.840.1.113883.12.292" codeSystemName="CVX" displayName="Hep B NOS"/>
        </ns2:doseVaccine>
        <ns2:doseVaccine>
            <ns2:preferred>true</ns2:preferred>
            <ns2:vaccine code="51" codeSystem="2.16.840.1.113883.12.292" codeSystemName="CVX" displayName="Hib-Hep B"/>
        </ns2:doseVaccine>
        <ns2:doseVaccine>
            <ns2:preferred>true</ns2:preferred>
            <ns2:vaccine code="110" codeSystem="2.16.840.1.113883.12.292" codeSystemName="CVX" displayName="DTaP-Hep B-IPV"/>
        </ns2:doseVaccine>
        <ns2:doseVaccine>
            <ns2:preferred>true</ns2:preferred>
            <ns2:vaccine code="08" codeSystem="2.16.840.1.113883.12.292" codeSystemName="CVX" displayName="Hep B, adolescent or pediatric"/>
        </ns2:doseVaccine>
        <ns2:doseVaccine>
            <ns2:preferred>true</ns2:preferred>
            <ns2:vaccine code="104" codeSystem="2.16.840.1.113883.12.292" codeSystemName="CVX" displayName="Hep A-Hep B"/>
        </ns2:doseVaccine>
        <ns2:doseVaccine>
            <ns2:preferred>true</ns2:preferred>
            <ns2:vaccine code="42" codeSystem="2.16.840.1.113883.12.292" codeSystemName="CVX" displayName="Hep B, adolescent/high risk infant"/>
        </ns2:doseVaccine>
        <ns2:doseVaccine>
            <ns2:preferred>true</ns2:preferred>
            <ns2:vaccine code="146" codeSystem="2.16.840.1.113883.12.292" codeSystemName="CVX" displayName="DTaP-IPV-Hib-HepB"/>
        </ns2:doseVaccine>
        <ns2:doseVaccine>
            <ns2:preferred>true</ns2:preferred>
            <ns2:vaccine code="132" codeSystem="2.16.840.1.113883.12.292" codeSystemName="CVX" displayName="DTaP-IPV-Hib-HepB, historical"/>
        </ns2:doseVaccine>
    </ns2:iceSeriesDose>
    <ns2:iceSeriesDose>
        <ns2:doseNumber>2</ns2:doseNumber>
        <ns2:absoluteMinimumAge>52d</ns2:absoluteMinimumAge>
        <ns2:minimumAge>56d</ns2:minimumAge>
        <ns2:earliestRecommendedAge>4m</ns2:earliestRecommendedAge>
        <ns2:doseVaccine>
            <ns2:preferred>false</ns2:preferred>
            <ns2:vaccine code="102" codeSystem="2.16.840.1.113883.12.292" codeSystemName="CVX" displayName="DTP-Hib-Hep B"/>
        </ns2:doseVaccine>
        <ns2:doseVaccine>
            <ns2:preferred>true</ns2:preferred>
            <ns2:vaccine code="44" codeSystem="2.16.840.1.113883.12.292" codeSystemName="CVX" displayName="Hep B, dialysis"/>
        </ns2:doseVaccine>
        <ns2:doseVaccine>
            <ns2:preferred>true</ns2:preferred>
            <ns2:vaccine code="43" codeSystem="2.16.840.1.113883.12.292" codeSystemName="CVX" displayName="Hep B, adult"/>
        </ns2:doseVaccine>
        <ns2:doseVaccine>
            <ns2:preferred>true</ns2:preferred>
            <ns2:vaccine code="45" codeSystem="2.16.840.1.113883.12.292" codeSystemName="CVX" displayName="Hep B NOS"/>
        </ns2:doseVaccine>
        <ns2:doseVaccine>
            <ns2:preferred>true</ns2:preferred>
            <ns2:vaccine code="51" codeSystem="2.16.840.1.113883.12.292" codeSystemName="CVX" displayName="Hib-Hep B"/>
        </ns2:doseVaccine>
        <ns2:doseVaccine>
            <ns2:preferred>true</ns2:preferred>
            <ns2:vaccine code="110" codeSystem="2.16.840.1.113883.12.292" codeSystemName="CVX" displayName="DTaP-Hep B-IPV"/>
        </ns2:doseVaccine>
        <ns2:doseVaccine>
            <ns2:preferred>true</ns2:preferred>
            <ns2:vaccine code="08" codeSystem="2.16.840.1.113883.12.292" codeSystemName="CVX" displayName="Hep B, adolescent or pediatric"/>
        </ns2:doseVaccine>
        <ns2:doseVaccine>
            <ns2:preferred>true</ns2:preferred>
            <ns2:vaccine code="104" codeSystem="2.16.840.1.113883.12.292" codeSystemName="CVX" displayName="Hep A-Hep B"/>
        </ns2:doseVaccine>
        <ns2:doseVaccine>
            <ns2:preferred>true</ns2:preferred>
            <ns2:vaccine code="42" codeSystem="2.16.840.1.113883.12.292" codeSystemName="CVX" displayName="Hep B, adolescent/high risk infant"/>
        </ns2:doseVaccine>
        <ns2:doseVaccine>
            <ns2:preferred>true</ns2:preferred>
            <ns2:vaccine code="146" codeSystem="2.16.840.1.113883.12.292" codeSystemName="CVX" displayName="DTaP-IPV-Hib-HepB"/>
        </ns2:doseVaccine>
        <ns2:doseVaccine>
            <ns2:preferred>true</ns2:preferred>
            <ns2:vaccine code="132" codeSystem="2.16.840.1.113883.12.292" codeSystemName="CVX" displayName="DTaP-IPV-Hib-HepB, historical"/>
        </ns2:doseVaccine>
    </ns2:iceSeriesDose>
    <ns2:iceSeriesDose>
        <ns2:doseNumber>3</ns2:doseNumber>
        <ns2:absoluteMinimumAge>164d</ns2:absoluteMinimumAge>
        <ns2:minimumAge>168d</ns2:minimumAge>
        <ns2:earliestRecommendedAge>6m</ns2:earliestRecommendedAge>
        <ns2:doseVaccine>
            <ns2:preferred>false</ns2:preferred>
            <ns2:vaccine code="102" codeSystem="2.16.840.1.113883.12.292" codeSystemName="CVX" displayName="DTP-Hib-Hep B"/>
        </ns2:doseVaccine>
        <ns2:doseVaccine>
            <ns2:preferred>true</ns2:preferred>
            <ns2:vaccine code="44" codeSystem="2.16.840.1.113883.12.292" codeSystemName="CVX" displayName="Hep B, dialysis"/>
        </ns2:doseVaccine>
        <ns2:doseVaccine>
            <ns2:preferred>true</ns2:preferred>
            <ns2:vaccine code="43" codeSystem="2.16.840.1.113883.12.292" codeSystemName="CVX" displayName="Hep B, adult"/>
        </ns2:doseVaccine>
        <ns2:doseVaccine>
            <ns2:preferred>true</ns2:preferred>
            <ns2:vaccine code="45" codeSystem="2.16.840.1.113883.12.292" codeSystemName="CVX" displayName="Hep B NOS"/>
        </ns2:doseVaccine>
        <ns2:doseVaccine>
            <ns2:preferred>true</ns2:preferred>
            <ns2:vaccine code="51" codeSystem="2.16.840.1.113883.12.292" codeSystemName="CVX" displayName="Hib-Hep B"/>
        </ns2:doseVaccine>
        <ns2:doseVaccine>
            <ns2:preferred>true</ns2:preferred>
            <ns2:vaccine code="110" codeSystem="2.16.840.1.113883.12.292" codeSystemName="CVX" displayName="DTaP-Hep B-IPV"/>
        </ns2:doseVaccine>
        <ns2:doseVaccine>
            <ns2:preferred>true</ns2:preferred>
            <ns2:vaccine code="08" codeSystem="2.16.840.1.113883.12.292" codeSystemName="CVX" displayName="Hep B, adolescent or pediatric"/>
        </ns2:doseVaccine>
        <ns2:doseVaccine>
            <ns2:preferred>true</ns2:preferred>
            <ns2:vaccine code="104" codeSystem="2.16.840.1.113883.12.292" codeSystemName="CVX" displayName="Hep A-Hep B"/>
        </ns2:doseVaccine>
        <ns2:doseVaccine>
            <ns2:preferred>true</ns2:preferred>
            <ns2:vaccine code="42" codeSystem="2.16.840.1.113883.12.292" codeSystemName="CVX" displayName="Hep B, adolescent/high risk infant"/>
        </ns2:doseVaccine>
        <ns2:doseVaccine>
            <ns2:preferred>true</ns2:preferred>
            <ns2:vaccine code="146" codeSystem="2.16.840.1.113883.12.292" codeSystemName="CVX" displayName="DTaP-IPV-Hib-HepB"/>
        </ns2:doseVaccine>
        <ns2:doseVaccine>
            <ns2:preferred>true</ns2:preferred>
            <ns2:vaccine code="132" codeSystem="2.16.840.1.113883.12.292" codeSystemName="CVX" displayName="DTaP-IPV-Hib-HepB, historical"/>
        </ns2:doseVaccine>        
    </ns2:iceSeriesDose>
</ns2:iceSeriesSpecificationFile>
