<?xml version="1.0" encoding="UTF-8" standalone="yes"?>
<ns2:iceSeriesSpecificationFile xmlns:ns2="org.cdsframework.util.support.data.ice.series">
    <ns2:seriesId>8bd120a6fe32118dbcf560d717fedda2</ns2:seriesId>
    <ns2:name>Influenza 1-Dose Series</ns2:name>
    <ns2:code>Influenza1DoseSeries</ns2:code>
    <ns2:cdsVersion>org.nyc.cir^ICE^1.0.0</ns2:cdsVersion>
    <ns2:doseInterval>
        <ns2:fromDoseNumber>1</ns2:fromDoseNumber>
        <ns2:toDoseNumber>1</ns2:toDoseNumber>
        <ns2:earliestRecommendedInterval>28d</ns2:earliestRecommendedInterval>
    </ns2:doseInterval>
    <ns2:numberOfDosesInSeries>1</ns2:numberOfDosesInSeries>
    <ns2:vaccineGroup code="800" codeSystem="2.16.840.1.113883.3.795.12.100.1" codeSystemName="ICE Vaccine Group" displayName="Influenza"/>
    <ns2:iceSeriesDose>
        <ns2:doseNumber>1</ns2:doseNumber>
        <ns2:absoluteMinimumAge>6m - 4d</ns2:absoluteMinimumAge>
        <ns2:minimumAge>6m</ns2:minimumAge>
        <ns2:earliestRecommendedAge>6m</ns2:earliestRecommendedAge>
        <ns2:doseVaccine>
            <ns2:preferred>true</ns2:preferred>
            <ns2:vaccine code="151" codeSystem="2.16.840.1.113883.12.292" codeSystemName="CVX" displayName="influenza nasal, unspecified formulation"/>
        </ns2:doseVaccine>
        <ns2:doseVaccine>
            <ns2:preferred>true</ns2:preferred>
            <ns2:vaccine code="144" codeSystem="2.16.840.1.113883.12.292" codeSystemName="CVX" displayName="influenza, intradermal, preservative-free"/>
        </ns2:doseVaccine>
        <ns2:doseVaccine>
            <ns2:preferred>true</ns2:preferred>
            <ns2:vaccine code="149" codeSystem="2.16.840.1.113883.12.292" codeSystemName="CVX" displayName="influenza, live, intranasal, quadrivalent"/>
        </ns2:doseVaccine>
        <ns2:doseVaccine>
            <ns2:preferred>true</ns2:preferred>
            <ns2:vaccine code="88" codeSystem="2.16.840.1.113883.12.292" codeSystemName="CVX" displayName="influenza NOS"/>
        </ns2:doseVaccine>
        <ns2:doseVaccine>
            <ns2:preferred>true</ns2:preferred>
            <ns2:vaccine code="111" codeSystem="2.16.840.1.113883.12.292" codeSystemName="CVX" displayName="influenza, live, intranasal"/>
        </ns2:doseVaccine>
        <ns2:doseVaccine>
            <ns2:preferred>true</ns2:preferred>
            <ns2:vaccine code="155" codeSystem="2.16.840.1.113883.12.292" codeSystemName="CVX" displayName="influenza, recombinant, inj., preservative-free"/>
        </ns2:doseVaccine>
        <ns2:doseVaccine>
            <ns2:preferred>true</ns2:preferred>
            <ns2:vaccine code="15" codeSystem="2.16.840.1.113883.12.292" codeSystemName="CVX" displayName="influenza, split "/>
        </ns2:doseVaccine>
        <ns2:doseVaccine>
            <ns2:preferred>true</ns2:preferred>
            <ns2:vaccine code="141" codeSystem="2.16.840.1.113883.12.292" codeSystemName="CVX" displayName="influenza, injectable"/>
        </ns2:doseVaccine>
        <ns2:doseVaccine>
            <ns2:preferred>true</ns2:preferred>
            <ns2:vaccine code="153" codeSystem="2.16.840.1.113883.12.292" codeSystemName="CVX" displayName="Influenza, injectable, MDCK, (ccIIV3), trivalent, preservative free"/>
        </ns2:doseVaccine>
        <ns2:doseVaccine>
            <ns2:preferred>true</ns2:preferred>
            <ns2:vaccine code="16" codeSystem="2.16.840.1.113883.12.292" codeSystemName="CVX" displayName="influenza, whole"/>
        </ns2:doseVaccine>
        <ns2:doseVaccine>
            <ns2:preferred>true</ns2:preferred>
            <ns2:vaccine code="135" codeSystem="2.16.840.1.113883.12.292" codeSystemName="CVX" displayName="influenza, high dose "/>
        </ns2:doseVaccine>
        <ns2:doseVaccine>
            <ns2:preferred>true</ns2:preferred>
            <ns2:vaccine code="150" codeSystem="2.16.840.1.113883.12.292" codeSystemName="CVX" displayName="Influenza, injectable, quadrivalent (IIV4), preservative free"/>
        </ns2:doseVaccine>
        <ns2:doseVaccine>
            <ns2:preferred>true</ns2:preferred>
            <ns2:vaccine code="140" codeSystem="2.16.840.1.113883.12.292" codeSystemName="CVX" displayName="influenza, injectable, preservative-free"/>
        </ns2:doseVaccine>
        <ns2:doseVaccine>
            <ns2:preferred>true</ns2:preferred>
            <ns2:vaccine code="158" codeSystem="2.16.840.1.113883.12.292" codeSystemName="CVX" displayName="Influenza-IIV4, IM (&gt;3yrs)"/>
        </ns2:doseVaccine>
        <ns2:doseVaccine>
            <ns2:preferred>true</ns2:preferred>
            <ns2:vaccine code="161" codeSystem="2.16.840.1.113883.12.292" codeSystemName="CVX" displayName="Influenza, injectable, quadrivalent, preservative free, pediatric"/>
        </ns2:doseVaccine>        
        <ns2:doseVaccine>
            <ns2:preferred>true</ns2:preferred>
            <ns2:vaccine code="166" codeSystem="2.16.840.1.113883.12.292" codeSystemName="CVX" displayName="Influenza, intradermal, quadrivalent, preservative free, injectable"/>
        </ns2:doseVaccine>
    </ns2:iceSeriesDose>
    <ns2:seasonCode>20122013InfluenzaSeason</ns2:seasonCode>
    <ns2:seasonCode>20132014InfluenzaSeason</ns2:seasonCode>
    <ns2:seasonCode>20142015InfluenzaSeason</ns2:seasonCode>
	<ns2:seasonCode>20152016InfluenzaSeason</ns2:seasonCode>    
</ns2:iceSeriesSpecificationFile>
