<?xml version="1.0" encoding="UTF-8" standalone="yes"?>
<ns2:iceSeriesSpecificationFile xmlns:ns2="org.cdsframework.util.support.data.ice.series">
    <ns2:seriesId>83253ed66030cefc5dba876dcb6b0fea</ns2:seriesId>
    <ns2:name>PCV 4-Dose Series</ns2:name>
    <ns2:code>PCV4DoseSeries</ns2:code>
    <ns2:cdsVersion>org.nyc.cir^ICE^1.0.0</ns2:cdsVersion>
    <ns2:doseInterval>
        <ns2:fromDoseNumber>1</ns2:fromDoseNumber>
        <ns2:toDoseNumber>2</ns2:toDoseNumber>
        <ns2:absoluteMinimumInterval>24d</ns2:absoluteMinimumInterval>
        <ns2:minimumInterval>28d</ns2:minimumInterval>
        <ns2:earliestRecommendedInterval>28d</ns2:earliestRecommendedInterval>
    </ns2:doseInterval>
    <ns2:doseInterval>
        <ns2:fromDoseNumber>2</ns2:fromDoseNumber>
        <ns2:toDoseNumber>3</ns2:toDoseNumber>
        <ns2:absoluteMinimumInterval>24d</ns2:absoluteMinimumInterval>
        <ns2:minimumInterval>28d</ns2:minimumInterval>
        <ns2:earliestRecommendedInterval>28d</ns2:earliestRecommendedInterval>
    </ns2:doseInterval>
    <ns2:doseInterval>
        <ns2:fromDoseNumber>3</ns2:fromDoseNumber>
        <ns2:toDoseNumber>4</ns2:toDoseNumber>
        <ns2:absoluteMinimumInterval>52d</ns2:absoluteMinimumInterval>
        <ns2:minimumInterval>56d</ns2:minimumInterval>
        <ns2:earliestRecommendedInterval>56d</ns2:earliestRecommendedInterval>
    </ns2:doseInterval>
    <ns2:numberOfDosesInSeries>4</ns2:numberOfDosesInSeries>
    <ns2:vaccineGroup code="700" codeSystem="2.16.840.1.113883.3.795.12.100.1" codeSystemName="ICE Vaccine Group" displayName="Pneumococcal Conjugate"/>
    <ns2:iceSeriesDose>
        <ns2:doseNumber>1</ns2:doseNumber>
        <ns2:absoluteMinimumAge>38d</ns2:absoluteMinimumAge>
        <ns2:minimumAge>42d</ns2:minimumAge>
        <ns2:earliestRecommendedAge>2m</ns2:earliestRecommendedAge>
        <ns2:doseVaccine>
            <ns2:preferred>true</ns2:preferred>
            <ns2:vaccine code="100" codeSystem="2.16.840.1.113883.12.292" codeSystemName="CVX" displayName="pneumococcal conjugate PCV 7"/>
        </ns2:doseVaccine>
        <ns2:doseVaccine>
            <ns2:preferred>true</ns2:preferred>
            <ns2:vaccine code="133" codeSystem="2.16.840.1.113883.12.292" codeSystemName="CVX" displayName="pneumococcal conjugate PCV 13"/>
        </ns2:doseVaccine>
        <ns2:doseVaccine>
            <ns2:preferred>true</ns2:preferred>
            <ns2:vaccine code="109" codeSystem="2.16.840.1.113883.12.292" codeSystemName="CVX" displayName="pneumococcal NOS"/>
        </ns2:doseVaccine>
        <ns2:doseVaccine>
            <ns2:preferred>true</ns2:preferred>
            <ns2:vaccine code="152" codeSystem="2.16.840.1.113883.12.292" codeSystemName="CVX" displayName="pneumococcal conjugate NOS "/>
        </ns2:doseVaccine>
    </ns2:iceSeriesDose>
    <ns2:iceSeriesDose>
        <ns2:doseNumber>2</ns2:doseNumber>
        <ns2:absoluteMinimumAge>66d</ns2:absoluteMinimumAge>
        <ns2:minimumAge>70d</ns2:minimumAge>
        <ns2:earliestRecommendedAge>4m</ns2:earliestRecommendedAge>
        <ns2:doseVaccine>
            <ns2:preferred>true</ns2:preferred>
            <ns2:vaccine code="100" codeSystem="2.16.840.1.113883.12.292" codeSystemName="CVX" displayName="pneumococcal conjugate PCV 7"/>
        </ns2:doseVaccine>
        <ns2:doseVaccine>
            <ns2:preferred>true</ns2:preferred>
            <ns2:vaccine code="133" codeSystem="2.16.840.1.113883.12.292" codeSystemName="CVX" displayName="pneumococcal conjugate PCV 13"/>
        </ns2:doseVaccine>
        <ns2:doseVaccine>
            <ns2:preferred>true</ns2:preferred>
            <ns2:vaccine code="109" codeSystem="2.16.840.1.113883.12.292" codeSystemName="CVX" displayName="pneumococcal NOS"/>
        </ns2:doseVaccine>
        <ns2:doseVaccine>
            <ns2:preferred>true</ns2:preferred>
            <ns2:vaccine code="152" codeSystem="2.16.840.1.113883.12.292" codeSystemName="CVX" displayName="pneumococcal conjugate NOS "/>
        </ns2:doseVaccine>
    </ns2:iceSeriesDose>
    <ns2:iceSeriesDose>
        <ns2:doseNumber>3</ns2:doseNumber>
        <ns2:absoluteMinimumAge>94d</ns2:absoluteMinimumAge>
        <ns2:minimumAge>98d</ns2:minimumAge>
        <ns2:earliestRecommendedAge>6m</ns2:earliestRecommendedAge>
        <ns2:doseVaccine>
            <ns2:preferred>true</ns2:preferred>
            <ns2:vaccine code="100" codeSystem="2.16.840.1.113883.12.292" codeSystemName="CVX" displayName="pneumococcal conjugate PCV 7"/>
        </ns2:doseVaccine>
        <ns2:doseVaccine>
            <ns2:preferred>true</ns2:preferred>
            <ns2:vaccine code="133" codeSystem="2.16.840.1.113883.12.292" codeSystemName="CVX" displayName="pneumococcal conjugate PCV 13"/>
        </ns2:doseVaccine>
        <ns2:doseVaccine>
            <ns2:preferred>true</ns2:preferred>
            <ns2:vaccine code="109" codeSystem="2.16.840.1.113883.12.292" codeSystemName="CVX" displayName="pneumococcal NOS"/>
        </ns2:doseVaccine>
        <ns2:doseVaccine>
            <ns2:preferred>true</ns2:preferred>
            <ns2:vaccine code="152" codeSystem="2.16.840.1.113883.12.292" codeSystemName="CVX" displayName="pneumococcal conjugate NOS "/>
        </ns2:doseVaccine>
    </ns2:iceSeriesDose>
    <ns2:iceSeriesDose>
        <ns2:doseNumber>4</ns2:doseNumber>
        <ns2:absoluteMinimumAge>361d</ns2:absoluteMinimumAge>
        <ns2:minimumAge>365d</ns2:minimumAge>
        <ns2:earliestRecommendedAge>12m</ns2:earliestRecommendedAge>
        <ns2:doseVaccine>
            <ns2:preferred>true</ns2:preferred>
            <ns2:vaccine code="100" codeSystem="2.16.840.1.113883.12.292" codeSystemName="CVX" displayName="pneumococcal conjugate PCV 7"/>
        </ns2:doseVaccine>
        <ns2:doseVaccine>
            <ns2:preferred>true</ns2:preferred>
            <ns2:vaccine code="133" codeSystem="2.16.840.1.113883.12.292" codeSystemName="CVX" displayName="pneumococcal conjugate PCV 13"/>
        </ns2:doseVaccine>
        <ns2:doseVaccine>
            <ns2:preferred>true</ns2:preferred>
            <ns2:vaccine code="109" codeSystem="2.16.840.1.113883.12.292" codeSystemName="CVX" displayName="pneumococcal NOS"/>
        </ns2:doseVaccine>
        <ns2:doseVaccine>
            <ns2:preferred>true</ns2:preferred>
            <ns2:vaccine code="152" codeSystem="2.16.840.1.113883.12.292" codeSystemName="CVX" displayName="pneumococcal conjugate NOS "/>
        </ns2:doseVaccine>
    </ns2:iceSeriesDose>
</ns2:iceSeriesSpecificationFile>
