<?xml version="1.0" encoding="UTF-8" standalone="yes"?>
<ns2:iceSeriesSpecificationFile xmlns:ns2="org.cdsframework.util.support.data.ice.series">
    <ns2:seriesId>659a3a9e672af9bcaa875a09e4a96322</ns2:seriesId>
    <ns2:name>PPSV 1-Dose Series</ns2:name>
    <ns2:code>PPSV1DoseSeries</ns2:code>
    <ns2:cdsVersion>org.nyc.cir^ICE^1.0.0</ns2:cdsVersion>
    <ns2:doseInterval>
        <ns2:fromDoseNumber>1</ns2:fromDoseNumber>
        <ns2:toDoseNumber>1</ns2:toDoseNumber>
        <ns2:absoluteMinimumInterval>5y-4d</ns2:absoluteMinimumInterval>
        <ns2:minimumInterval>5y</ns2:minimumInterval>
        <ns2:earliestRecommendedInterval>5y</ns2:earliestRecommendedInterval>
    </ns2:doseInterval>
    <ns2:numberOfDosesInSeries>1</ns2:numberOfDosesInSeries>
    <ns2:vaccineGroup code="720" codeSystem="2.16.840.1.113883.3.795.12.100.1" codeSystemName="ICE Vaccine Group" displayName="Pneumococcal Polysaccharide"/>
    <ns2:iceSeriesDose>
        <ns2:doseNumber>1</ns2:doseNumber>
        <ns2:absoluteMinimumAge>65y-4d</ns2:absoluteMinimumAge>
        <ns2:minimumAge>65y</ns2:minimumAge>
        <ns2:earliestRecommendedAge>65y</ns2:earliestRecommendedAge>
        <ns2:doseVaccine>
            <ns2:preferred>true</ns2:preferred>
            <ns2:vaccine code="109" codeSystem="2.16.840.1.113883.12.292" codeSystemName="CVX" displayName="pneumococcal NOS"/>
        </ns2:doseVaccine>
        <ns2:doseVaccine>
            <ns2:preferred>true</ns2:preferred>
            <ns2:vaccine code="33" codeSystem="2.16.840.1.113883.12.292" codeSystemName="CVX" displayName="pneumococcal polysaccharide "/>
        </ns2:doseVaccine>
    </ns2:iceSeriesDose>
</ns2:iceSeriesSpecificationFile>
