<?xml version="1.0" encoding="UTF-8" standalone="yes"?>
<ns2:iceSeasonSpecificationFile xmlns:xsi="http://www.w3.org/2001/XMLSchema-instance"
 xsi:schemaLocation="org.cdsframework.util.support.data.ice.season file:/usr/local/projects/cdsf-client-support/cdsframework-support-xml/src/main/resources/iceSeasonSpecificationFile.xsd"
 xmlns:ns2="org.cdsframework.util.support.data.ice.season">
    <ns2:seasonId>65fb40fcc79d7045755916faeb5e2662</ns2:seasonId>
    <ns2:name>2012-2013 Influenza Season</ns2:name>
    <ns2:code>20122013InfluenzaSeason</ns2:code>
    <ns2:startDate>2012-08-01-04:00</ns2:startDate>
    <ns2:endDate>2013-06-30-04:00</ns2:endDate>
    <ns2:defaultSeason>false</ns2:defaultSeason>
    <ns2:vaccineGroup code="800" codeSystem="2.16.840.1.113883.3.795.12.100.1" codeSystemName="ICE Vaccine Group" displayName="Influenza"/>
    <ns2:cdsVersion>org.nyc.cir^ICE^1.0.0</ns2:cdsVersion>
</ns2:iceSeasonSpecificationFile>
