<?xml version="1.0" encoding="UTF-8" standalone="yes"?>
<ns2:iceSeasonSpecificationFile xmlns:ns2="org.cdsframework.util.support.data.ice.season">
    <ns2:seasonId>ca689767c72444a9c07c79514d7aef74624</ns2:seasonId>
    <ns2:name>2014-2015 Influenza Season</ns2:name>
    <ns2:code>20142015InfluenzaSeason</ns2:code>
    <ns2:defaultSeason>false</ns2:defaultSeason>
    <ns2:startDate>2014-08-01-04:00</ns2:startDate>
    <ns2:endDate>2015-06-30-04:00</ns2:endDate>
    <ns2:vaccineGroup code="800" codeSystem="2.16.840.1.113883.3.795.12.100.1" codeSystemName="ICE Vaccine Group" displayName="Influenza"/>
    <ns2:cdsVersion>org.nyc.cir^ICE^1.0.0</ns2:cdsVersion>
</ns2:iceSeasonSpecificationFile>
