<?xml version="1.0" encoding="UTF-8"?>
<ns2:cdsListSpecificationFile xmlns:ns2="org.cdsframework.util.support.data.cds.list">
   <listId>F1f305bc0568822e2608f22be9d1bac9c</listId>
   <code>RECOMMENDATION_STATUS_CONCEPT</code>
   <name>ICE Evaluation Status</name>
   <listType>CODE_SYSTEM</listType>
   <description>Supported Recommendation Status</description>
   <codeSystem>2.16.840.1.113883.3.795.12.100.5</codeSystem>
   <codeSystemName>ICE Recommendation Status</codeSystemName>
   <cdsListItem>
        <cdsListItemKey>RECOMMENDED</cdsListItemKey>
        <cdsListItemValue>Recommended</cdsListItemValue>
   </cdsListItem>
   <cdsListItem>
        <cdsListItemKey>CONDITIONAL</cdsListItemKey>
        <cdsListItemValue>Conditionally Recommended</cdsListItemValue>
   </cdsListItem>
   <cdsListItem>
        <cdsListItemKey>FUTURE_RECOMMENDED</cdsListItemKey>
        <cdsListItemValue>Future Recommendation</cdsListItemValue>
   </cdsListItem>
   <cdsListItem>
        <cdsListItemKey>NOT_RECOMMENDED</cdsListItemKey>
        <cdsListItemValue>Not Recommended</cdsListItemValue>
   </cdsListItem>
   <cdsListItem>
        <cdsListItemKey>NOT_AVAILABLE</cdsListItemKey>
        <cdsListItemValue>Not Recommended</cdsListItemValue>
   </cdsListItem>
   <cdsVersion>org.cdsframework^ICE^1.0.0</cdsVersion>
</ns2:cdsListSpecificationFile>
