<?xml version="1.0" encoding="UTF-8"?>
<ns2:cdsListSpecificationFile
	xmlns:ns2="org.cdsframework.util.support.data.cds.list">
	<listId>V1f305b8822e2608f22be9d1bac9c</listId>
	<code>VACCINE_GROUP_CONCEPT</code>
	<name>ICE Vaccine Groups</name>
	<listType>CODE_SYSTEM</listType>
	<description>Supported Vaccine Groups</description>
	<codeSystem>2.16.840.1.113883.3.795.12.100.1</codeSystem>
	<codeSystemName>Vaccine Groups</codeSystemName>
	<cdsListItem>
		<cdsListItemKey>999</cdsListItemKey>
		<cdsListItemValue>Other Vaccine Group</cdsListItemValue>
		<cdsListItemConceptMapping>
			<code>VACCINE_GROUP_CONCEPT_OTHER</code>
			<displayName>Other Vaccine group</displayName>
		</cdsListItemConceptMapping>
	</cdsListItem>
	<cdsVersion>org.cdsframework^ICE^1.0.0</cdsVersion>
</ns2:cdsListSpecificationFile>
