<?xml version="1.0" encoding="UTF-8" standalone="yes"?>
<ns2:iceSeriesSpecificationFile xmlns:ns2="org.cdsframework.util.support.data.ice.series">
    <ns2:seriesId>928e115e9121b464785e27371929096a</ns2:seriesId>
    <ns2:name>COVID-19 Pfizer Series</ns2:name>
    <ns2:code>COVID19PfizerSeries</ns2:code>
    <ns2:cdsVersion>gov.nyc.cir^ICE^1.0.0</ns2:cdsVersion>
	<ns2:recurringDosesAfterSeriesComplete>true</ns2:recurringDosesAfterSeriesComplete>
    <ns2:doseInterval>
        <ns2:fromDoseNumber>1</ns2:fromDoseNumber>
        <ns2:toDoseNumber>2</ns2:toDoseNumber>
        <ns2:absoluteMinimumInterval>17d</ns2:absoluteMinimumInterval>
        <ns2:minimumInterval>21d</ns2:minimumInterval>
        <ns2:earliestRecommendedInterval>21d</ns2:earliestRecommendedInterval>
    </ns2:doseInterval>
    <ns2:doseInterval>
        <ns2:fromDoseNumber>2</ns2:fromDoseNumber>
        <ns2:toDoseNumber>3</ns2:toDoseNumber>
        <ns2:absoluteMinimumInterval>8w-4d</ns2:absoluteMinimumInterval>
        <ns2:minimumInterval>8w</ns2:minimumInterval>
        <ns2:earliestRecommendedInterval>8w</ns2:earliestRecommendedInterval>
    </ns2:doseInterval>
    <ns2:numberOfDosesInSeries>3</ns2:numberOfDosesInSeries>
    <ns2:vaccineGroup code="850" codeSystem="2.16.840.1.113883.3.795.12.100.1" codeSystemName="ICE Vaccine Group" displayName="COVID-19"/>
    <ns2:iceSeriesDose>
        <ns2:doseNumber>1</ns2:doseNumber>
		<ns2:absoluteMinimumAge>0d</ns2:absoluteMinimumAge>
		<ns2:earliestRecommendedAge>6m</ns2:earliestRecommendedAge>
        <ns2:doseVaccine>
        	<ns2:preferred>true</ns2:preferred>
            <ns2:vaccine code="208" codeSystem="2.16.840.1.113883.12.292" codeSystemName="CVX" displayName="COVID-19, mRNA, LNP-S, PF, 30 mcg/0.3 mL dose, Pfizer"/>
        </ns2:doseVaccine>
        <ns2:doseVaccine>
        	<ns2:preferred>true</ns2:preferred>
            <ns2:vaccine code="217" codeSystem="2.16.840.1.113883.12.292" codeSystemName="CVX" displayName="COVID-19, mRNA, LNP-S, PF, 30 mcg/0.3 mL dose, tris-sucrose, Pfizer"/>
        </ns2:doseVaccine>
        <ns2:doseVaccine>
        	<ns2:preferred>true</ns2:preferred>
            <ns2:vaccine code="218" codeSystem="2.16.840.1.113883.12.292" codeSystemName="CVX" displayName="COVID-19, mRNA, LNP-S, PF, 10 mcg/0.2 mL dose, tris-sucrose, Pfizer"/>
        </ns2:doseVaccine>
        <ns2:doseVaccine>
        	<ns2:preferred>true</ns2:preferred>
            <ns2:vaccine code="219" codeSystem="2.16.840.1.113883.12.292" codeSystemName="CVX" displayName="COVID-19, mRNA, LNP-S, PF, 3 mcg/0.2 mL dose, tris-sucrose, Pfizer"/>
        </ns2:doseVaccine>
        <ns2:doseVaccine>
        	<ns2:preferred>false</ns2:preferred>
            <ns2:vaccine code="300" codeSystem="2.16.840.1.113883.12.292" codeSystemName="CVX" displayName="COVID-19, mRNA, LNP-S, bivalent booster, PF, 30 mcg/0.3 mL dose, Pfizer"/>
        </ns2:doseVaccine>
        <ns2:doseVaccine>
        	<ns2:preferred>false</ns2:preferred>
            <ns2:vaccine code="301" codeSystem="2.16.840.1.113883.12.292" codeSystemName="CVX" displayName="COVID-19, mRNA, LNP-S, bivalent booster, PF, 10 mcg/0.2 mL dose, Pfizer"/>
        </ns2:doseVaccine>
		<ns2:doseVaccine>
        	<ns2:preferred>false</ns2:preferred>
            <ns2:vaccine code="302" codeSystem="2.16.840.1.113883.12.292" codeSystemName="CVX" displayName="COVID-19, mRNA, LNP-S, bivalent, PF, 3 mcg/0.2 mL dose, Pfizer"/>
        </ns2:doseVaccine>
    </ns2:iceSeriesDose>
    <ns2:iceSeriesDose>
        <ns2:doseNumber>2</ns2:doseNumber>
		<ns2:absoluteMinimumAge>0d</ns2:absoluteMinimumAge>
        <ns2:minimumAge>6m</ns2:minimumAge>
        <ns2:earliestRecommendedAge>6m</ns2:earliestRecommendedAge>
        <ns2:doseVaccine>
        	<ns2:preferred>true</ns2:preferred>
            <ns2:vaccine code="208" codeSystem="2.16.840.1.113883.12.292" codeSystemName="CVX" displayName="COVID-19, mRNA, LNP-S, PF, 30 mcg/0.3 mL dose"/>
        </ns2:doseVaccine>
        <ns2:doseVaccine>
        	<ns2:preferred>true</ns2:preferred>
            <ns2:vaccine code="217" codeSystem="2.16.840.1.113883.12.292" codeSystemName="CVX" displayName="COVID-19, mRNA, LNP-S, PF, 30 mcg/0.3 mL dose, tris-sucrose"/>
        </ns2:doseVaccine>
        <ns2:doseVaccine>
        	<ns2:preferred>true</ns2:preferred>
            <ns2:vaccine code="218" codeSystem="2.16.840.1.113883.12.292" codeSystemName="CVX" displayName="COVID-19, mRNA, LNP-S, PF, 10 mcg/0.2 mL dose, tris-sucrose"/>
        </ns2:doseVaccine>
        <ns2:doseVaccine>
        	<ns2:preferred>true</ns2:preferred>
            <ns2:vaccine code="219" codeSystem="2.16.840.1.113883.12.292" codeSystemName="CVX" displayName="COVID-19, mRNA, LNP-S, PF, 3 mcg/0.2 mL dose, tris-sucrose, Pfizer"/>
        </ns2:doseVaccine>
        <ns2:doseVaccine>
        	<ns2:preferred>false</ns2:preferred>
            <ns2:vaccine code="300" codeSystem="2.16.840.1.113883.12.292" codeSystemName="CVX" displayName="COVID-19, mRNA, LNP-S, bivalent booster, PF, 30 mcg/0.3 mL dose, Pfizer"/>
        </ns2:doseVaccine>
        <ns2:doseVaccine>
        	<ns2:preferred>false</ns2:preferred>
            <ns2:vaccine code="301" codeSystem="2.16.840.1.113883.12.292" codeSystemName="CVX" displayName="COVID-19, mRNA, LNP-S, bivalent booster, PF, 10 mcg/0.2 mL dose, Pfizer"/>
        </ns2:doseVaccine>
		<ns2:doseVaccine>
        	<ns2:preferred>false</ns2:preferred>
            <ns2:vaccine code="302" codeSystem="2.16.840.1.113883.12.292" codeSystemName="CVX" displayName="COVID-19, mRNA, LNP-S, bivalent, PF, 3 mcg/0.2 mL dose, Pfizer"/>
        </ns2:doseVaccine>
    </ns2:iceSeriesDose>
	<ns2:iceSeriesDose>
        <ns2:doseNumber>3</ns2:doseNumber>
		<ns2:absoluteMinimumAge>0d</ns2:absoluteMinimumAge>
        <ns2:minimumAge>6m</ns2:minimumAge>
        <ns2:earliestRecommendedAge>6m</ns2:earliestRecommendedAge>
        <ns2:doseVaccine>
        	<ns2:preferred>true</ns2:preferred>
            <ns2:vaccine code="208" codeSystem="2.16.840.1.113883.12.292" codeSystemName="CVX" displayName="COVID-19, mRNA, LNP-S, PF, 30 mcg/0.3 mL dose"/>
        </ns2:doseVaccine>
        <ns2:doseVaccine>
        	<ns2:preferred>true</ns2:preferred>
            <ns2:vaccine code="217" codeSystem="2.16.840.1.113883.12.292" codeSystemName="CVX" displayName="COVID-19, mRNA, LNP-S, PF, 30 mcg/0.3 mL dose, tris-sucrose"/>
        </ns2:doseVaccine>
        <ns2:doseVaccine>
        	<ns2:preferred>true</ns2:preferred>
            <ns2:vaccine code="218" codeSystem="2.16.840.1.113883.12.292" codeSystemName="CVX" displayName="COVID-19, mRNA, LNP-S, PF, 10 mcg/0.2 mL dose, tris-sucrose"/>
        </ns2:doseVaccine>
        <ns2:doseVaccine>
        	<ns2:preferred>true</ns2:preferred>
            <ns2:vaccine code="219" codeSystem="2.16.840.1.113883.12.292" codeSystemName="CVX" displayName="COVID-19, mRNA, LNP-S, PF, 3 mcg/0.2 mL dose, tris-sucrose, Pfizer"/>
        </ns2:doseVaccine>
        <ns2:doseVaccine>
        	<ns2:preferred>false</ns2:preferred>
            <ns2:vaccine code="300" codeSystem="2.16.840.1.113883.12.292" codeSystemName="CVX" displayName="COVID-19, mRNA, LNP-S, bivalent booster, PF, 30 mcg/0.3 mL dose, Pfizer"/>
        </ns2:doseVaccine>
        <ns2:doseVaccine>
        	<ns2:preferred>false</ns2:preferred>
            <ns2:vaccine code="301" codeSystem="2.16.840.1.113883.12.292" codeSystemName="CVX" displayName="COVID-19, mRNA, LNP-S, bivalent booster, PF, 10 mcg/0.2 mL dose, Pfizer"/>
        </ns2:doseVaccine>
		<ns2:doseVaccine>
        	<ns2:preferred>false</ns2:preferred>
            <ns2:vaccine code="302" codeSystem="2.16.840.1.113883.12.292" codeSystemName="CVX" displayName="COVID-19, mRNA, LNP-S, bivalent, PF, 3 mcg/0.2 mL dose, Pfizer"/>
        </ns2:doseVaccine>
    </ns2:iceSeriesDose>
	<ns2:seasonCode>COVID19Dec2020Season</ns2:seasonCode>
</ns2:iceSeriesSpecificationFile>
