<?xml version="1.0" encoding="UTF-8" standalone="yes"?>
<ns2:iceVaccineSpecificationFile xmlns:ns2="org.cdsframework.util.support.data.ice.vaccine">
    <vaccine code="07" codeSystem="2.16.840.1.113883.12.292" codeSystemName="CVX" displayName="mumps"/>
    <cdsVersion>gov.nyc.cir^ICE^1.0.0</cdsVersion>
    <ns2:liveVirusVaccine>true</ns2:liveVirusVaccine>
    <ns2:vaccineActive>true</ns2:vaccineActive>
    <ns2:manufacturerCode/>
    <vaccineComponent code="07" codeSystem="2.16.840.1.113883.12.292" codeSystemName="CVX" displayName="mumps"/>
    <diseaseImmunity code="072.9" codeSystem="2.16.840.1.113883.6.103" codeSystemName="ICD9CM Diagnosis" displayName="Mumps"/>
    <openCdsMembership code="ICE07" displayName="Mumps"/>
    <primaryOpenCdsConcept code="ICE07"/>
</ns2:iceVaccineSpecificationFile>
