<?xml version="1.0" encoding="UTF-8" standalone="yes"?>
<ns2:iceVaccineSpecificationFile xmlns:ns2="org.cdsframework.util.support.data.ice.vaccine">
    <vaccine code="102" codeSystem="2.16.840.1.113883.12.292" codeSystemName="CVX" displayName="DTP-Hib-Hep B"/>
    <cdsVersion>gov.nyc.cir^ICE^1.0.0</cdsVersion>
    <ns2:liveVirusVaccine>false</ns2:liveVirusVaccine>
    <ns2:vaccineActive>true</ns2:vaccineActive>
    <ns2:manufacturerCode/>
    <vaccineComponent code="17" codeSystem="2.16.840.1.113883.12.292" codeSystemName="CVX" displayName="Hib NOS"/>
    <vaccineComponent code="45" codeSystem="2.16.840.1.113883.12.292" codeSystemName="CVX" displayName="Hep B NOS"/>
    <vaccineComponent code="107" codeSystem="2.16.840.1.113883.12.292" codeSystemName="CVX" displayName="DTaP NOS"/>
    <diseaseImmunity code="482.2" codeSystem="2.16.840.1.113883.6.103" codeSystemName="ICD9CM Diagnosis" displayName="Hib"/>
    <diseaseImmunity code="070.30" codeSystem="2.16.840.1.113883.6.103" codeSystemName="ICD9CM Diagnosis" displayName="Hepatitis B"/>
    <diseaseImmunity code="032.9" codeSystem="2.16.840.1.113883.6.103" codeSystemName="ICD9CM Diagnosis" displayName="Diphtheria"/>
    <diseaseImmunity code="037" codeSystem="2.16.840.1.113883.6.103" codeSystemName="ICD9CM Diagnosis" displayName="Tetanus"/>
    <diseaseImmunity code="033.9" codeSystem="2.16.840.1.113883.6.103" codeSystemName="ICD9CM Diagnosis" displayName="Pertussis"/>
    <primaryOpenCdsConcept code="ICE102"/>
</ns2:iceVaccineSpecificationFile>
