<?xml version="1.0" encoding="UTF-8" standalone="yes"?>
<ns2:iceVaccineSpecificationFile xmlns:ns2="org.cdsframework.util.support.data.ice.vaccine">
    <vaccine code="110" codeSystem="2.16.840.1.113883.12.292" codeSystemName="CVX" displayName="DTaP-Hep B-IPV"/>
    <cdsVersion>gov.nyc.cir^ICE^1.0.0</cdsVersion>
    <ns2:liveVirusVaccine>false</ns2:liveVirusVaccine>
    <ns2:vaccineActive>true</ns2:vaccineActive>
    <ns2:tradeName>PEDIARIX</ns2:tradeName>
    <ns2:manufacturerCode/>
    <vaccineComponent code="08" codeSystem="2.16.840.1.113883.12.292" codeSystemName="CVX" displayName="Hep B, adolescent or pediatric"/>
    <vaccineComponent code="10" codeSystem="2.16.840.1.113883.12.292" codeSystemName="CVX" displayName="IPV"/>
    <vaccineComponent code="20" codeSystem="2.16.840.1.113883.12.292" codeSystemName="CVX" displayName="DTaP"/>
    <diseaseImmunity code="070.30" codeSystem="2.16.840.1.113883.6.103" codeSystemName="ICD9CM Diagnosis" displayName="Hepatitis B"/>
    <diseaseImmunity code="045.9" codeSystem="2.16.840.1.113883.6.103" codeSystemName="ICD9CM Diagnosis" displayName="Acute Poliomyelitis"/>
    <diseaseImmunity code="032.9" codeSystem="2.16.840.1.113883.6.103" codeSystemName="ICD9CM Diagnosis" displayName="Diphtheria"/>
    <diseaseImmunity code="033.9" codeSystem="2.16.840.1.113883.6.103" codeSystemName="ICD9CM Diagnosis" displayName="Pertussis"/>
    <diseaseImmunity code="037" codeSystem="2.16.840.1.113883.6.103" codeSystemName="ICD9CM Diagnosis" displayName="Tetanus"/>
    <openCdsMembership code="ICE110" displayName="DTaP-Hep B-IPV"/>
    <primaryOpenCdsConcept code="ICE110"/>
</ns2:iceVaccineSpecificationFile>
