<?xml version="1.0" encoding="UTF-8" standalone="yes"?>
<ns2:iceVaccineSpecificationFile xmlns:ns2="org.cdsframework.util.support.data.ice.vaccine">
    <vaccine code="116" codeSystem="2.16.840.1.113883.12.292" codeSystemName="CVX" displayName="rotavirus, pentavalent"/>
    <cdsVersion>gov.nyc.cir^ICE^1.0.0</cdsVersion>
    <ns2:liveVirusVaccine>false</ns2:liveVirusVaccine>
    <ns2:vaccineActive>true</ns2:vaccineActive>
    <ns2:tradeName>ROTATEQ</ns2:tradeName>
    <ns2:manufacturerCode/>
    <vaccineComponent code="116" codeSystem="2.16.840.1.113883.12.292" codeSystemName="CVX" displayName="rotavirus, pentavalent"/>
    <diseaseImmunity code="008.61" codeSystem="2.16.840.1.113883.6.103" codeSystemName="ICD9CM Diagnosis" displayName="Rotavirus"/>
    <openCdsMembership code="ICE116" displayName="Rotavirus RV5 (RotaTeq, 3 dose)"/>
    <primaryOpenCdsConcept code="ICE116"/>
</ns2:iceVaccineSpecificationFile>
