<?xml version="1.0" encoding="UTF-8" standalone="yes"?>
<ns2:iceVaccineSpecificationFile xmlns:ns2="org.cdsframework.util.support.data.ice.vaccine">
    <vaccine code="120" codeSystem="2.16.840.1.113883.12.292" codeSystemName="CVX" displayName="DTaP-Hib-IPV"/>
    <cdsVersion>gov.nyc.cir^ICE^1.0.0</cdsVersion>
    <ns2:liveVirusVaccine>false</ns2:liveVirusVaccine>
    <ns2:vaccineActive>true</ns2:vaccineActive>
    <ns2:tradeName>PENTACEL</ns2:tradeName>
    <ns2:manufacturerCode/>
    <vaccineComponent code="10" codeSystem="2.16.840.1.113883.12.292" codeSystemName="CVX" displayName="IPV"/>
    <vaccineComponent code="20" codeSystem="2.16.840.1.113883.12.292" codeSystemName="CVX" displayName="DTaP"/>
    <vaccineComponent code="48" codeSystem="2.16.840.1.113883.12.292" codeSystemName="CVX" displayName="Hib (PRP-T)"/>
    <diseaseImmunity code="045.9" codeSystem="2.16.840.1.113883.6.103" codeSystemName="ICD9CM Diagnosis" displayName="Acute Poliomyelitis"/>
    <diseaseImmunity code="032.9" codeSystem="2.16.840.1.113883.6.103" codeSystemName="ICD9CM Diagnosis" displayName="Diphtheria"/>
    <diseaseImmunity code="033.9" codeSystem="2.16.840.1.113883.6.103" codeSystemName="ICD9CM Diagnosis" displayName="Pertussis"/>
    <diseaseImmunity code="037" codeSystem="2.16.840.1.113883.6.103" codeSystemName="ICD9CM Diagnosis" displayName="Tetanus"/>
    <diseaseImmunity code="482.2" codeSystem="2.16.840.1.113883.6.103" codeSystemName="ICD9CM Diagnosis" displayName="Hib"/>
    <openCdsMembership code="ICE120" displayName="DTaP-Hib (PRP-T)-IPV"/>
    <primaryOpenCdsConcept code="ICE120"/>
</ns2:iceVaccineSpecificationFile>
