<?xml version="1.0" encoding="UTF-8" standalone="yes"?>
<ns2:iceVaccineSpecificationFile xmlns:ns2="org.cdsframework.util.support.data.ice.vaccine">
    <vaccine code="121" codeSystem="2.16.840.1.113883.12.292" codeSystemName="CVX" displayName="Zoster vaccine, live"/>
    <cdsVersion>gov.nyc.cir^ICE^1.0.0</cdsVersion>
    <ns2:liveVirusVaccine>true</ns2:liveVirusVaccine>
    <ns2:vaccineActive>true</ns2:vaccineActive>
    <vaccineComponent code="121" codeSystem="2.16.840.1.113883.12.292" codeSystemName="CVX" displayName="Zoster vaccine, live"/>
    <diseaseImmunity code="053.9" codeSystem="2.16.840.1.113883.6.103" codeSystemName="ICD9CM Diagnosis" displayName="Zoster"/>
    <openCdsMembership code="ICE121" displayName="Zoster vaccine, live"/>
    <primaryOpenCdsConcept code="ICE121"/>
</ns2:iceVaccineSpecificationFile>