<?xml version="1.0" encoding="UTF-8" standalone="yes"?>
<ns2:iceVaccineSpecificationFile xmlns:ns2="org.cdsframework.util.support.data.ice.vaccine">
    <vaccine code="149" codeSystem="2.16.840.1.113883.12.292" codeSystemName="CVX" displayName="Influenza, live, intranasal, quadrivalent"/>
    <cdsVersion>gov.nyc.cir^ICE^1.0.0</cdsVersion>
    <ns2:liveVirusVaccine>true</ns2:liveVirusVaccine>
    <ns2:vaccineActive>true</ns2:vaccineActive>
    <ns2:manufacturerCode/>
	<ns2:validMinimumAgeForUse>6m-4d</ns2:validMinimumAgeForUse>
    <ns2:validMaximumAgeForUse>50y-1d</ns2:validMaximumAgeForUse>
    <vaccineComponent code="149" codeSystem="2.16.840.1.113883.12.292" codeSystemName="CVX" displayName="Influenza, live, intranasal, quadrivalent"/>
    <diseaseImmunity code="487" codeSystem="2.16.840.1.113883.6.103" codeSystemName="ICD9CM Diagnosis" displayName="Influenza"/>
    <primaryOpenCdsConcept code="ICE149"/>
</ns2:iceVaccineSpecificationFile>
