<?xml version="1.0" encoding="UTF-8" standalone="yes"?>
<ns2:iceVaccineSpecificationFile xmlns:ns2="org.cdsframework.util.support.data.ice.vaccine">
    <vaccine code="165" codeSystem="2.16.840.1.113883.12.292" codeSystemName="CVX" displayName="HPV9"/>
    <cdsVersion>gov.nyc.cir^ICE^1.0.0</cdsVersion>
    <ns2:liveVirusVaccine>false</ns2:liveVirusVaccine>
    <ns2:vaccineActive>true</ns2:vaccineActive>
    <ns2:tradeName>HPV9</ns2:tradeName>
    <ns2:manufacturerCode/>
    <vaccineComponent code="165" codeSystem="2.16.840.1.113883.12.292" codeSystemName="CVX" displayName="HPV9"/>
    <diseaseImmunity code="795.0" codeSystem="2.16.840.1.113883.6.103" codeSystemName="ICD9CM Diagnosis" displayName="Human Papillomavirus"/>
    <openCdsMembership code="ICE165" displayName="HPV9"/>
    <primaryOpenCdsConcept code="ICE165"/>
</ns2:iceVaccineSpecificationFile>