<?xml version="1.0" encoding="UTF-8" standalone="yes"?>
<ns2:iceVaccineSpecificationFile xmlns:ns2="org.cdsframework.util.support.data.ice.vaccine">
    <vaccine code="187" codeSystem="2.16.840.1.113883.12.292" codeSystemName="CVX" displayName="Zoster recombinant"/>
    <cdsVersion>gov.nyc.cir^ICE^1.0.0</cdsVersion>
    <ns2:liveVirusVaccine>false</ns2:liveVirusVaccine>
    <ns2:selectAdjuvantProduct>true</ns2:selectAdjuvantProduct>
    <ns2:vaccineActive>true</ns2:vaccineActive>
    <vaccineComponent code="187" codeSystem="2.16.840.1.113883.12.292" codeSystemName="CVX" displayName="Zoster recombinant"/>
    <diseaseImmunity code="053.9" codeSystem="2.16.840.1.113883.6.103" codeSystemName="ICD9CM Diagnosis" displayName="Zoster"/>
    <openCdsMembership code="ICE187" displayName="Zoster recombinant"/>
    <primaryOpenCdsConcept code="ICE187"/>
</ns2:iceVaccineSpecificationFile>
