<?xml version="1.0" encoding="UTF-8" standalone="yes"?>
<ns2:iceVaccineSpecificationFile xmlns:ns2="org.cdsframework.util.support.data.ice.vaccine">
    <vaccine code="206" codeSystem="2.16.840.1.113883.12.292" codeSystemName="CVX" displayName="Monkeypox Smallpox (JYNNEOS), Vaccinia, live"/>
    <cdsVersion>gov.nyc.cir^ICE^1.0.0</cdsVersion>
    <ns2:liveVirusVaccine>true</ns2:liveVirusVaccine>
    <ns2:vaccineActive>true</ns2:vaccineActive>
    <ns2:manufacturerCode/>
    <ns2:validMinimumAgeForUse>0d</ns2:validMinimumAgeForUse>
    <vaccineComponent code="206" codeSystem="2.16.840.1.113883.12.292" codeSystemName="CVX" displayName="Monkeypox Smallpox (JYNNEOS), Vaccinia, live"/>
    <diseaseImmunity code="059.00" codeSystem="2.16.840.1.113883.6.103" codeSystemName="ICD9CM Diagnosis" displayName="Orthopoxvirus (unspecified)"/>
    <primaryOpenCdsConcept code="ICE206"/>
</ns2:iceVaccineSpecificationFile>
