<?xml version="1.0" encoding="UTF-8" standalone="yes"?>
<ns2:iceVaccineSpecificationFile xmlns:ns2="org.cdsframework.util.support.data.ice.vaccine">
    <vaccine code="215" codeSystem="2.16.840.1.113883.12.292" codeSystemName="CVX" displayName="pneumococcal conjugate PCV15"/>
    <cdsVersion>gov.nyc.cir^ICE^1.0.0</cdsVersion>
    <ns2:liveVirusVaccine>false</ns2:liveVirusVaccine>
    <ns2:vaccineActive>true</ns2:vaccineActive>
    <ns2:manufacturerCode/>
    <ns2:validMinimumAgeForUse>6w-4d</ns2:validMinimumAgeForUse>
    <vaccineComponent code="215" codeSystem="2.16.840.1.113883.12.292" codeSystemName="CVX" displayName="pneumococcal conjugate PCV15"/>
    <diseaseImmunity code="481" codeSystem="2.16.840.1.113883.6.103" codeSystemName="ICD9CM Diagnosis" displayName="Pneumococcal Pneumonia"/>
    <openCdsMembership code="ICE215" displayName="Pneumococcal Conjugate PCV15"/>
    <primaryOpenCdsConcept code="ICE215"/>
</ns2:iceVaccineSpecificationFile>
