<?xml version="1.0" encoding="UTF-8" standalone="yes"?>
<ns2:iceVaccineSpecificationFile xmlns:ns2="org.cdsframework.util.support.data.ice.vaccine">
    <vaccine code="22" codeSystem="2.16.840.1.113883.12.292" codeSystemName="CVX" displayName="DTP-Hib"/>
    <cdsVersion>gov.nyc.cir^ICE^1.0.0</cdsVersion>
    <ns2:liveVirusVaccine>false</ns2:liveVirusVaccine>
    <ns2:vaccineActive>true</ns2:vaccineActive>
    <ns2:tradeName>TETRAMUNE</ns2:tradeName>
    <ns2:manufacturerCode/>
    <vaccineComponent code="01" codeSystem="2.16.840.1.113883.12.292" codeSystemName="CVX" displayName="DTP"/>
    <vaccineComponent code="17" codeSystem="2.16.840.1.113883.12.292" codeSystemName="CVX" displayName="Hib NOS"/>
    <diseaseImmunity code="032.9" codeSystem="2.16.840.1.113883.6.103" codeSystemName="ICD9CM Diagnosis" displayName="Diphtheria"/>
    <diseaseImmunity code="033.9" codeSystem="2.16.840.1.113883.6.103" codeSystemName="ICD9CM Diagnosis" displayName="Pertussis"/>
    <diseaseImmunity code="037" codeSystem="2.16.840.1.113883.6.103" codeSystemName="ICD9CM Diagnosis" displayName="Tetanus"/>
    <diseaseImmunity code="482.2" codeSystem="2.16.840.1.113883.6.103" codeSystemName="ICD9CM Diagnosis" displayName="Hib"/>
    <openCdsMembership code="ICE22" displayName="DTP-Hib (Tetramune; OmniHib-DTP)"/>
    <primaryOpenCdsConcept code="ICE22"/>
</ns2:iceVaccineSpecificationFile>
