<?xml version="1.0" encoding="UTF-8" standalone="yes"?>
<ns2:iceVaccineSpecificationFile xmlns:ns2="org.cdsframework.util.support.data.ice.vaccine">
    <vaccine code="24" codeSystem="2.16.840.1.113883.12.292" codeSystemName="CVX" displayName="Anthrax, pre-exposure prophylaxis, post-exposure prophylaxis"/>
    <cdsVersion>gov.nyc.cir^ICE^1.0.0</cdsVersion>
    <ns2:liveVirusVaccine>false</ns2:liveVirusVaccine>
    <ns2:vaccineActive>false</ns2:vaccineActive>
    <ns2:manufacturerCode/>
    <vaccineComponent code="24" codeSystem="2.16.840.1.113883.12.292" codeSystemName="CVX" displayName="Anthrax, pre-exposure prophylaxis, post-exposure prophylaxis"/>
    <diseaseImmunity code="022.9" codeSystem="2.16.840.1.113883.6.103" codeSystemName="ICD9CM Diagnosis" displayName="Anthrax, Unspecified"/>
    <primaryOpenCdsConcept code="ICE24"/>
</ns2:iceVaccineSpecificationFile>