<?xml version="1.0" encoding="UTF-8" standalone="yes"?>
<ns2:iceVaccineSpecificationFile xmlns:ns2="org.cdsframework.util.support.data.ice.vaccine">
    <vaccine code="45" codeSystem="2.16.840.1.113883.12.292" codeSystemName="CVX" displayName="Hep B NOS"/>
    <cdsVersion>gov.nyc.cir^ICE^1.0.0</cdsVersion>
    <ns2:liveVirusVaccine>false</ns2:liveVirusVaccine>
    <ns2:unspecifiedFormulation>true</ns2:unspecifiedFormulation>
    <ns2:vaccineActive>true</ns2:vaccineActive>
    <ns2:manufacturerCode/>
    <vaccineComponent code="45" codeSystem="2.16.840.1.113883.12.292" codeSystemName="CVX" displayName="Hep B NOS"/>
    <diseaseImmunity code="070.30" codeSystem="2.16.840.1.113883.6.103" codeSystemName="ICD9CM Diagnosis" displayName="Hepatitis B"/>
    <openCdsMembership code="ICE45" displayName="HepB NOS"/>
    <openCdsMembership code="ICE104" displayName="HepA-HepB (Twinrix)"/>
    <primaryOpenCdsConcept code="ICE45"/>
</ns2:iceVaccineSpecificationFile>
