<?xml version="1.0" encoding="UTF-8" standalone="yes"?>
<ns2:cdsListSpecificationFile xmlns:ns2="org.cdsframework.util.support.data.cds.list">
    <listId>1f305bc0X568822e2608f22be9d1bac9c</listId>
    <code>EVALUATION_REASON_CONCEPT</code>
    <name>ICE Evaluation Reasons: All</name>
    <listType>CODE_SYSTEM</listType>
    <description>evaluation_interpretation</description>
    <codeSystem>2.16.840.1.113883.3.795.12.100.3</codeSystem>
    <codeSystemName>ICE Evaluation Reason</codeSystemName>
    <cdsListItem>
        <cdsListItemKey>D_AND_T_INVALID/P_VALID</cdsListItemKey>
        <cdsListItemValue>The diphtheria and tetanus components are invalid due to minimum interval violation, pertussis component valid.</cdsListItemValue>
    </cdsListItem>
    <cdsListItem>
        <cdsListItemKey>DOSE_OVERRIDE_INVALID</cdsListItemKey>
        <cdsListItemValue>ICE has marked this shot Invalid as instructed by the user.</cdsListItemValue>
    </cdsListItem>
    <cdsListItem>
        <cdsListItemKey>DOSE_OVERRIDE_VALID</cdsListItemKey>
        <cdsListItemValue>ICE has marked this shot Valid as instructed by the user.</cdsListItemValue>
    </cdsListItem>
	<cdsListItem>
        <cdsListItemKey>PROOF_OF_IMMUNITY</cdsListItemKey>
        <cdsListItemValue>Proof of Immunity.</cdsListItemValue>
    </cdsListItem>
    <cdsListItem>
        <cdsListItemKey>DISEASE_DOCUMENTED</cdsListItemKey>
        <cdsListItemValue>Disease Documented.</cdsListItemValue>
    </cdsListItem>
    <cdsListItem>
        <cdsListItemKey>VACCINE_NOT_LICENSED_FOR_MALES</cdsListItemKey>
        <cdsListItemValue>The vaccine administered is not licensed for males.</cdsListItemValue>
    </cdsListItem>
	<cdsListItem>
        <cdsListItemKey>MISSING_ANTIGEN</cdsListItemKey>
        <cdsListItemValue>The vaccine administered is missing an antigen.</cdsListItemValue>
    </cdsListItem>
	<cdsListItem>
        <cdsListItemKey>CLINICAL_PATIENT_DISCRETION</cdsListItemKey>
        <cdsListItemValue>At Clinical/Patient Discretion.</cdsListItemValue>
    </cdsListItem>
	<cdsListItem>
        <cdsListItemKey>VACCINE_NOT_COUNTED_BASED_ON_MOST_RECENT_VACCINE_GIVEN</cdsListItemKey>
        <cdsListItemValue>The vaccine will not be counted based on the most recent vaccine given. (Most recent vaccine given determines which series is applied.)</cdsListItemValue>
    </cdsListItem>
	<cdsListItem>
        <cdsListItemKey>OUTSIDE_SERIES</cdsListItemKey>
        <cdsListItemValue>This immunization was administered outside of the series.</cdsListItemValue>
    </cdsListItem>
    <cdsListItem>
        <cdsListItemKey>OUTSIDE_ROUTINE_SERIES</cdsListItemKey>
        <cdsListItemValue>This immunization was administered outside of a routine series.</cdsListItemValue>
    </cdsListItem>
    <cdsVersion>gov.nyc.cir^ICE^1.0.0</cdsVersion>
</ns2:cdsListSpecificationFile>
