<?xml version="1.0" encoding="UTF-8" standalone="yes"?>
<ns2:cdsListSpecificationFile xmlns:ns2="org.cdsframework.util.support.data.cds.list">
    <listId>E1f3R05bc0568822e2608f22be9d1bac9c</listId>
    <code>RECOMMENDATION_REASON_CONCEPT</code>
    <name>ICE Recommendation Reasons: All</name>
    <listType>CODE_SYSTEM</listType>
    <description>Recommendation Reasons</description>
    <codeSystem>2.16.840.1.113883.3.795.12.100.6</codeSystem>
    <codeSystemName>ICE Recommendation Reasons</codeSystemName>
   <cdsListItem>
        <cdsListItemKey>COMPLETE_HIGH_RISK</cdsListItemKey>
        <cdsListItemValue>Series complete, unless high risk.</cdsListItemValue>
   </cdsListItem>
   <cdsListItem>
        <cdsListItemKey>TOO_OLD_HIGH_RISK</cdsListItemKey>
        <cdsListItemValue>Vaccine not generally recommended at this age, unless high risk.</cdsListItemValue>
   </cdsListItem>
   <cdsListItem>
        <cdsListItemKey>ABOVE_AGE_MAY_COMPLETE</cdsListItemKey>
        <cdsListItemValue>Above recommended age but may complete series.</cdsListItemValue>
   </cdsListItem>
   <cdsListItem>
        <cdsListItemKey>PROOF_OF_IMMUNITY</cdsListItemKey>
        <cdsListItemValue>Proof of Immunity.</cdsListItemValue>
   </cdsListItem>
   <cdsListItem>
        <cdsListItemKey>DISEASE_DOCUMENTED</cdsListItemKey>
        <cdsListItemValue>Disease Documented.</cdsListItemValue>
   </cdsListItem>
   <cdsListItem>
        <cdsListItemKey>TOO_OLD</cdsListItemKey>
        <cdsListItemValue>Vaccine not recommended at this age.</cdsListItemValue>
   </cdsListItem>
   <cdsListItem>
        <cdsListItemKey>TOO_OLD_TO_INITIATE</cdsListItemKey>
        <cdsListItemValue>Vaccine not recommended at this age; too old to initiate.</cdsListItemValue>
   </cdsListItem>
   <cdsListItem>
        <cdsListItemKey>VAC_GROUP_NO_LONGER_REC</cdsListItemKey>
        <cdsListItemValue>This vaccine group is no longer recommended.</cdsListItemValue>
   </cdsListItem>
   <cdsListItem>
        <cdsListItemKey>EXECUTION_TIME_BEFORE_ADMINISTERED_SHOTS</cdsListItemKey>
        <cdsListItemValue>A recommended cannot be made; the execution time that was specified in the request to ICE is before one or more administered shots.</cdsListItemValue>
   </cdsListItem>
   <cdsListItem>
        <cdsListItemKey>CLINICAL_PATIENT_DISCRETION</cdsListItemKey>
        <cdsListItemValue>At Clinical/Patient Discretion.</cdsListItemValue>
    </cdsListItem>
	<cdsListItem>
        <cdsListItemKey>OTHER_VACCINE_PRODUCT_POSSIBLE</cdsListItemKey>
        <cdsListItemValue>In addition to the vaccine product recommended, there are other vaccine products possible.</cdsListItemValue>
    </cdsListItem>
    <cdsListItem>
        <cdsListItemKey>BELOW_MINIMUM_AGE_HIGH_RISK_SERIES</cdsListItemKey>
        <cdsListItemValue>Below minimum age for this high risk series.</cdsListItemValue>
    </cdsListItem>
	<cdsListItem>
        <cdsListItemKey>BASED_ON_VAC_AVAIL_AND_PRIORITY_RECS</cdsListItemKey>
        <cdsListItemValue>Based on vaccine availability and priority recommendations.</cdsListItemValue>
    </cdsListItem>
	<cdsListItem>
        <cdsListItemKey>ADMINISTER_PCV15_OR_PCV20</cdsListItemKey>
        <cdsListItemValue>Administer either the PCV15 or PCV20 vaccine.</cdsListItemValue>
    </cdsListItem>
	<cdsListItem>
        <cdsListItemKey>ADMINISTER_PPSV23_OR_PCV20</cdsListItemKey>
        <cdsListItemValue>Administer the PPSV23 vaccine; if PPSV23 is not available, may administer the PCV20 vaccine.</cdsListItemValue>
    </cdsListItem>
	<cdsListItem>
        <cdsListItemKey>ADMINISTER_COVID19_mRNA_VACCINE</cdsListItemKey>
        <cdsListItemValue>Administer COVID-19 mRNA Vaccine</cdsListItemValue>
    </cdsListItem>
   	<cdsListItem>
        <cdsListItemKey>ADMINISTER_COVID19_BIVALENT_VACCINE</cdsListItemKey>
        <cdsListItemValue>Administer COVID-19 Bivalent Vaccine</cdsListItemValue>
    </cdsListItem>
    <cdsListItem>
    	<cdsListItemKey>ADMINISTER_TDAP_OR_TD</cdsListItemKey>
    	<cdsListItemValue>Administer Tdap or Td vaccine</cdsListItemValue>
    </cdsListItem>
   <cdsVersion>gov.nyc.cir^ICE^1.0.0</cdsVersion>
</ns2:cdsListSpecificationFile>
