<?xml version="1.0" encoding="UTF-8" standalone="yes"?>
<ns2:iceSeasonSpecificationFile xmlns:ns2="org.cdsframework.util.support.data.ice.season">
    <ns2:seasonId>2d2c642d26b89e8685c4ce9bf082d3d8</ns2:seasonId>
    <ns2:name>2009 H1N1 Season</ns2:name>
    <ns2:code>2009H1N1Season</ns2:code>
    <ns2:defaultSeason>false</ns2:defaultSeason>
    <ns2:startDate>2009-10-01</ns2:startDate>
    <ns2:endDate>2010-06-30</ns2:endDate>
    <ns2:vaccineGroup code="890" codeSystem="2.16.840.1.113883.3.795.12.100.1" codeSystemName="ICE Vaccine Group" displayName="H1N1 Influenza"/>
    <ns2:cdsVersion>gov.nyc.cir^ICE^1.0.0</ns2:cdsVersion>
</ns2:iceSeasonSpecificationFile>
