<?xml version="1.0" encoding="UTF-8" standalone="yes"?>
<ns2:iceSeasonSpecificationFile xmlns:ns2="org.cdsframework.util.support.data.ice.season">
    <ns2:seasonId>rWdBqaDiqnUhgHglh40rRDUvmC4yPxBC</ns2:seasonId>
    <ns2:name>COVID-19 September 2023 Season</ns2:name>
    <ns2:code>COVID19Sep2023Season</ns2:code>
    <ns2:defaultSeason>false</ns2:defaultSeason>
    <ns2:startDate>2023-09-12</ns2:startDate>
    <ns2:endDate>2100-08-30</ns2:endDate>
    <ns2:vaccineGroup code="850" codeSystem="2.16.840.1.113883.3.795.12.100.1" codeSystemName="ICE Vaccine Group" displayName="COVID19"/>
    <ns2:cdsVersion>gov.nyc.cir^ICE^1.0.0</ns2:cdsVersion>
</ns2:iceSeasonSpecificationFile>