<?xml version="1.0" encoding="UTF-8" standalone="yes"?>
<ns2:iceSeasonSpecificationFile xmlns:ns2="org.cdsframework.util.support.data.ice.season">
    <ns2:seasonId>e8ed7a294b0dd1906d0df68f1649b3f5</ns2:seasonId>
    <ns2:name>Default Influenza Season</ns2:name>
    <ns2:code>DefaultInfluenzaSeason</ns2:code>
    <ns2:defaultSeason>true</ns2:defaultSeason>
    <ns2:defaultStartMonthAndDay>07-01</ns2:defaultStartMonthAndDay>
    <ns2:defaultStopMonthAndDay>06-30</ns2:defaultStopMonthAndDay>
    <ns2:vaccineGroup code="800" codeSystem="2.16.840.1.113883.3.795.12.100.1" codeSystemName="ICE Vaccine Group" displayName="Influenza"/>
    <ns2:cdsVersion>gov.nyc.cir^ICE^1.0.0</ns2:cdsVersion>
</ns2:iceSeasonSpecificationFile>
