<?xml version="1.0" encoding="UTF-8" standalone="yes"?>
<ns2:iceVaccineGroupSpecificationFile xmlns:ns2="org.cdsframework.util.support.data.ice.vaccinegroup">
    <vaccineGroup code="100" codeSystem="2.16.840.1.113883.3.795.12.100.1" codeSystemName="ICE Vaccine Group" displayName="HepB"/>
    <cdsVersion>org.nyc.cir^ICE^1.0.0</cdsVersion>
    <ns2:priority>10</ns2:priority>
    <diseaseImmunity code="070.30" codeSystem="2.16.840.1.113883.6.103" codeSystemName="ICE Disease" displayName="Hepatitis B"/>
    <openCdsMembership code="VACCINE_GROUP_CONCEPT_HEPB" displayName="Immunization Evaluation (Hep B Vaccine Group)"/>
    <primaryOpenCdsConcept code="VACCINE_GROUP_CONCEPT_HEPB" displayName="Immunization Evaluation (Hep B Vaccine Group)"/>
</ns2:iceVaccineGroupSpecificationFile>
