<?xml version="1.0" encoding="UTF-8" standalone="yes"?>
<ns2:cdsListSpecificationFile xmlns:ns2="org.cdsframework.util.support.data.cds.list">
    <listId>E1f3R05bc0568822e2608f22be9d1bac9c</listId>
    <code>RECOMMENDATION_REASON_CONCEPT</code>
    <name>ICE Recommendation Reasons: All</name>
    <listType>CODE_SYSTEM</listType>
    <description>Recommendation Reasons</description>
    <codeSystem>2.16.840.1.113883.3.795.12.100.6</codeSystem>
    <codeSystemName>ICE Recommendation Reasons</codeSystemName>
   <cdsListItem>
        <cdsListItemKey>DUE_NOW</cdsListItemKey>
        <cdsListItemValue>Immunization Recommended (Due Now)</cdsListItemValue>
   </cdsListItem>
   <cdsListItem>
        <cdsListItemKey>HIGH_RISK</cdsListItemKey>
        <cdsListItemValue>Immunization Conditionally Recommended (High Risk)</cdsListItemValue>
   </cdsListItem>
   <cdsListItem>
        <cdsListItemKey>DUE_IN_FUTURE</cdsListItemKey>
        <cdsListItemValue>Immunization Recommended in Future (Due in Future)</cdsListItemValue>
   </cdsListItem>
   <cdsListItem>
        <cdsListItemKey>COMPLETE</cdsListItemKey>
        <cdsListItemValue>Immunization Not Recommended (Complete)</cdsListItemValue>
   </cdsListItem>
   <cdsListItem>
        <cdsListItemKey>NOT_SPECIFIED</cdsListItemKey>
        <cdsListItemValue>Immunization Not Recommended (Reason Not Specified)</cdsListItemValue>
   </cdsListItem>
   <cdsVersion>org.cdsframework^ICE^1.0.0</cdsVersion>
</ns2:cdsListSpecificationFile>