<?xml version="1.0" encoding="UTF-8" standalone="yes"?>
<ns2:cdsListSpecificationFile xmlns:ns2="org.cdsframework.util.support.data.cds.list">
    <listId>1f305bc0X568822e2608f22be9d1bac9c</listId>
    <code>EVALUATION_REASON_CONCEPT</code>
    <name>ICE Evaluation Reasons: All</name>
    <listType>CODE_SYSTEM</listType>
    <description>evaluation_interpretation</description>
    <codeSystem>2.16.840.1.113883.3.795.12.100.3</codeSystem>
    <codeSystemName>ICE Evaluation Reason</codeSystemName>
    <cdsListItem>
        <cdsListItemKey>INVALID_AGE</cdsListItemKey>
        <cdsListItemValue>Invalid Age</cdsListItemValue>
    </cdsListItem>
    <cdsListItem>
        <cdsListItemKey>BELOW_MINIMUM_AGE_VACCINE</cdsListItemKey>
        <cdsListItemValue>Below Minimum Age for Vaccine</cdsListItemValue>
    </cdsListItem>
    <cdsListItem>
        <cdsListItemKey>BELOW_MINIMUM_AGE_SERIES</cdsListItemKey>
        <cdsListItemValue>Below Minimum Age for Series</cdsListItemValue>
    </cdsListItem>
    <cdsListItem>
        <cdsListItemKey>EXTRA_DOSE</cdsListItemKey>
        <cdsListItemValue>Extra Dose</cdsListItemValue>
    </cdsListItem>
    <cdsListItem>
        <cdsListItemKey>BELOW_MINIMUM_INTERVAL</cdsListItemKey>
        <cdsListItemValue>Below Minimum Interval</cdsListItemValue>
    </cdsListItem>
    <cdsListItem>
        <cdsListItemKey>TOO_EARLY_LIVE_VIRUS</cdsListItemKey>
        <cdsListItemValue>Too early live virus</cdsListItemValue>
    </cdsListItem>
    <cdsListItem>
        <cdsListItemKey>VACCINE_NOT_ALLOWED_FOR_THIS_DOSE</cdsListItemKey>
        <cdsListItemValue>Vaccine not allowed for this dose</cdsListItemValue>
    </cdsListItem>
    <cdsListItem>
        <cdsListItemKey>OUTSIDE_SEASON</cdsListItemKey>
        <cdsListItemValue>Outside Season</cdsListItemValue>
    </cdsListItem>
    <cdsListItem>
        <cdsListItemKey>OUTSIDE_FLU_VAC_SEASON</cdsListItemKey>
        <cdsListItemValue>Outside Flu Season</cdsListItemValue>
    </cdsListItem>
    <cdsListItem>
        <cdsListItemKey>DUPLICATE_SAME_DAY</cdsListItemKey>
        <cdsListItemValue>Duplicate Shot Same Day</cdsListItemValue>
    </cdsListItem>
    <cdsListItem>
        <cdsListItemKey>INSUFFICIENT_ANTIGEN</cdsListItemKey>
        <cdsListItemValue>Insufficient Antigen</cdsListItemValue>
    </cdsListItem>
    <cdsListItem>
        <cdsListItemKey>PRIOR_TO_DOB</cdsListItemKey>
        <cdsListItemValue>Prior to DOB</cdsListItemValue>
    </cdsListItem>
    <cdsListItem>
        <cdsListItemKey>BELOW_MINIMUM_AGE_FINAL_DOSE</cdsListItemKey>
        <cdsListItemValue>Below Minimum Age for Final Dose</cdsListItemValue>
    </cdsListItem>
    <cdsListItem>
        <cdsListItemKey>ABOVE_REC_AGE_SERIES</cdsListItemKey>
        <cdsListItemValue>Above recommended age for series</cdsListItemValue>
    </cdsListItem>
    <cdsListItem>
        <cdsListItemKey>BELOW_REC_AGE_SERIES</cdsListItemKey>
        <cdsListItemValue>Below recommended age for series</cdsListItemValue>
    </cdsListItem>
    <cdsListItem>
        <cdsListItemKey>VACCINE_NOT_MEMBER_OF_SERIES</cdsListItemKey>
        <cdsListItemValue>Vaccine not member of series</cdsListItemValue>
    </cdsListItem>
    <cdsListItem>
        <cdsListItemKey>BOOSTER_ONLY</cdsListItemKey>
        <cdsListItemValue>Booster Only</cdsListItemValue>
    </cdsListItem>
    <cdsListItem>
        <cdsListItemKey>BELOW_MIN_INTERVAL_PCV_PPSV</cdsListItemKey>
        <cdsListItemValue>Below Minimum Interval PCV/PPSV</cdsListItemValue>
    </cdsListItem>
	<cdsVersion>org.cdsframework^ICE^1.0.0</cdsVersion>
</ns2:cdsListSpecificationFile>
