<?xml version="1.0" encoding="UTF-8"?>
<rest:supportingDataList xmlns:config="org.opencds.dss.config.v1_0" xmlns:rest="org.opencds.dss.config_rest.v1_0" xmlns:xsi="http://www.w3.org/2001/XMLSchema-instance" xsi:schemaLocation="org.opencds.dss.config_rest.v1_0 ../schema/OpenCDSConfigRest.xsd">
<supportingData>
    <identifier>ice-supporting-data</identifier>
    <kmId scopingEntityId="org.nyc.cir" businessId="ICE" version="1.0.0"/>
    <package>
        <packageType>properties</packageType>
        <packageId>ice-sd.properties</packageId>
    </package>
    <loadedBy version="0.1" businessId="ICESupportingDataLoader" scopingEntityId="org.cdsframework.ice"/>
    <timestamp>2016-05-26T12:00:00</timestamp>
    <userId>daryl</userId>
</supportingData>
<supportingData>
    <identifier>ice-supporting-data-20151203</identifier>
    <kmId scopingEntityId="org.dhha" businessId="ICE" version="20151203"/>
    <package>
        <packageType>properties</packageType>
        <packageId>ice-sd.properties</packageId>
    </package>
    <loadedBy version="0.1" businessId="ICESupportingDataLoader" scopingEntityId="org.cdsframework.ice"/>
    <timestamp>2016-06-20T12:00:00</timestamp>
    <userId>daryl</userId>
</supportingData>
</rest:supportingDataList>
